id,duplicate_group,split
SYN-01001,200,train
SYN-01002,3262,train
SYN-01003,991,train
SYN-01004,2790,test
SYN-01005,794,train
SYN-01006,0,train
SYN-01007,36,train
SYN-01008,2939,train
SYN-01009,1,train
SYN-01010,2,validation
SYN-01011,3,train
SYN-01012,2850,train
SYN-01013,3055,train
SYN-01014,472,train
SYN-01015,4,validation
SYN-01016,401,validation
SYN-01017,5,validation
SYN-01018,3189,validation
SYN-01019,3797,train
SYN-01020,3407,train
SYN-01021,6,train
SYN-01022,3244,train
SYN-01023,3189,validation
SYN-01024,7,train
SYN-01025,8,train
SYN-01026,736,train
SYN-01027,3021,train
SYN-01028,9,validation
SYN-01029,10,test
SYN-01030,11,train
SYN-01031,3244,train
SYN-01032,12,train
SYN-01033,3189,validation
SYN-01034,13,train
SYN-01035,14,train
SYN-01036,4043,train
SYN-01037,3189,validation
SYN-01038,15,test
SYN-01039,16,validation
SYN-01040,634,train
SYN-01041,3189,validation
SYN-01042,17,train
SYN-01043,18,train
SYN-01044,19,train
SYN-01045,20,train
SYN-01046,21,train
SYN-01047,1367,train
SYN-01048,22,validation
SYN-01049,1190,train
SYN-01050,23,train
SYN-01051,24,train
SYN-01052,25,train
SYN-01053,1330,train
SYN-01054,26,test
SYN-01055,2369,train
SYN-01056,634,train
SYN-01057,27,validation
SYN-01058,3383,train
SYN-01059,200,train
SYN-01060,4045,train
SYN-01061,28,train
SYN-01062,2313,test
SYN-01063,2369,train
SYN-01064,29,test
SYN-01065,30,test
SYN-01066,200,train
SYN-01067,3580,train
SYN-01068,31,test
SYN-01069,3264,test
SYN-01070,32,validation
SYN-01071,472,train
SYN-01072,3244,train
SYN-01073,3471,validation
SYN-01074,2079,train
SYN-01075,4144,train
SYN-01076,33,validation
SYN-01077,991,train
SYN-01078,3344,validation
SYN-01079,34,train
SYN-01080,1330,train
SYN-01081,991,train
SYN-01082,35,test
SYN-01083,93,train
SYN-01084,36,train
SYN-01085,2999,train
SYN-01086,37,train
SYN-01087,874,train
SYN-01088,38,train
SYN-01089,1190,train
SYN-01090,39,train
SYN-01091,3580,train
SYN-01092,4289,train
SYN-01093,40,train
SYN-01094,41,train
SYN-01095,49,train
SYN-01096,1153,train
SYN-01097,42,train
SYN-01098,3385,train
SYN-01099,43,validation
SYN-01100,1330,train
SYN-01101,44,train
SYN-01102,45,validation
SYN-01103,46,test
SYN-01104,47,train
SYN-01105,1190,train
SYN-01106,48,train
SYN-01107,49,train
SYN-01108,4339,train
SYN-01109,644,test
SYN-01110,3495,train
SYN-01111,50,validation
SYN-01112,3344,validation
SYN-01113,1439,train
SYN-01114,51,train
SYN-01115,2121,test
SYN-01116,52,train
SYN-01117,3580,train
SYN-01118,1264,train
SYN-01119,3386,train
SYN-01120,53,test
SYN-01121,719,train
SYN-01122,1144,train
SYN-01123,54,test
SYN-01124,3264,test
SYN-01125,3625,train
SYN-01126,49,train
SYN-01127,55,train
SYN-01128,56,validation
SYN-01129,57,train
SYN-01130,2032,train
SYN-01131,58,train
SYN-01132,4076,test
SYN-01133,59,train
SYN-01134,2032,train
SYN-01135,3797,train
SYN-01136,60,train
SYN-01137,61,train
SYN-01138,1801,train
SYN-01139,62,train
SYN-01140,63,validation
SYN-01141,64,train
SYN-01142,65,train
SYN-01143,66,train
SYN-01144,4270,train
SYN-01145,1264,train
SYN-01146,36,train
SYN-01147,3495,train
SYN-01148,2079,train
SYN-01149,3495,train
SYN-01150,4203,test
SYN-01151,67,train
SYN-01152,68,validation
SYN-01153,19,train
SYN-01154,69,train
SYN-01155,179,validation
SYN-01156,70,train
SYN-01157,71,train
SYN-01158,72,train
SYN-01159,3495,train
SYN-01160,73,train
SYN-01161,74,validation
SYN-01162,2482,test
SYN-01163,1264,train
SYN-01164,3264,test
SYN-01165,75,train
SYN-01166,76,train
SYN-01167,77,validation
SYN-01168,78,train
SYN-01169,79,train
SYN-01170,80,train
SYN-01171,81,train
SYN-01172,82,train
SYN-01173,1981,train
SYN-01174,83,test
SYN-01175,84,train
SYN-01176,2032,train
SYN-01177,2999,train
SYN-01178,85,train
SYN-01179,4043,train
SYN-01180,736,train
SYN-01181,86,train
SYN-01182,794,train
SYN-01183,87,validation
SYN-01184,88,test
SYN-01185,786,train
SYN-01186,3495,train
SYN-01187,813,test
SYN-01188,89,test
SYN-01189,90,train
SYN-01190,91,train
SYN-01191,92,train
SYN-01192,93,train
SYN-01193,2032,train
SYN-01194,3244,train
SYN-01195,1585,train
SYN-01196,94,test
SYN-01197,95,train
SYN-01198,96,train
SYN-01199,813,test
SYN-01200,49,train
SYN-01201,133,train
SYN-01202,3264,test
SYN-01203,2999,train
SYN-01204,2686,train
SYN-01205,97,validation
SYN-01206,98,train
SYN-01207,99,train
SYN-01208,100,train
SYN-01209,472,train
SYN-01210,3495,train
SYN-01211,101,train
SYN-01212,102,train
SYN-01213,1190,train
SYN-01214,3580,train
SYN-01215,3244,train
SYN-01216,103,train
SYN-01217,991,train
SYN-01218,3797,train
SYN-01219,4285,train
SYN-01220,185,test
SYN-01221,104,validation
SYN-01222,105,validation
SYN-01223,239,train
SYN-01224,106,validation
SYN-01225,107,train
SYN-01226,108,validation
SYN-01227,1803,train
SYN-01228,36,train
SYN-01229,991,train
SYN-01230,2482,test
SYN-01231,3945,train
SYN-01232,2783,train
SYN-01233,239,train
SYN-01234,1928,train
SYN-01235,109,validation
SYN-01236,3397,train
SYN-01237,3244,train
SYN-01238,3797,train
SYN-01239,110,train
SYN-01240,111,train
SYN-01241,49,train
SYN-01242,49,train
SYN-01243,112,test
SYN-01244,2452,train
SYN-01245,1061,test
SYN-01246,113,validation
SYN-01247,200,train
SYN-01248,114,test
SYN-01249,115,validation
SYN-01250,3189,validation
SYN-01251,2482,test
SYN-01252,3495,train
SYN-01253,116,validation
SYN-01254,117,train
SYN-01255,118,train
SYN-01256,4263,train
SYN-01257,119,train
SYN-01258,36,train
SYN-01259,120,train
SYN-01260,2032,train
SYN-01261,121,train
SYN-01262,122,validation
SYN-01263,123,train
SYN-01264,3797,train
SYN-01265,4134,validation
SYN-01266,124,train
SYN-01267,125,train
SYN-01268,2232,validation
SYN-01269,2482,test
SYN-01270,1831,test
SYN-01271,126,train
SYN-01272,127,validation
SYN-01273,128,train
SYN-01274,1263,train
SYN-01275,2032,train
SYN-01276,129,train
SYN-01277,130,train
SYN-01278,200,train
SYN-01279,131,train
SYN-01280,132,train
SYN-01281,989,train
SYN-01282,4326,train
SYN-01283,133,train
SYN-01284,134,train
SYN-01285,135,train
SYN-01286,136,train
SYN-01287,3021,train
SYN-01288,137,train
SYN-01289,138,train
SYN-01290,139,validation
SYN-01291,36,train
SYN-01292,140,test
SYN-01293,141,test
SYN-01294,1322,train
SYN-01295,142,train
SYN-01296,2527,train
SYN-01297,1437,train
SYN-01298,143,train
SYN-01299,144,train
SYN-01300,145,train
SYN-01301,146,validation
SYN-01302,239,train
SYN-01303,185,test
SYN-01304,2765,train
SYN-01305,147,train
SYN-01306,3189,validation
SYN-01307,148,train
SYN-01308,149,train
SYN-01309,3495,train
SYN-01310,36,train
SYN-01311,150,train
SYN-01312,19,train
SYN-01313,2668,train
SYN-01314,2032,train
SYN-01315,3580,train
SYN-01316,151,validation
SYN-01317,152,validation
SYN-01318,4144,train
SYN-01319,153,train
SYN-01320,472,train
SYN-01321,154,train
SYN-01322,155,validation
SYN-01323,156,validation
SYN-01324,157,test
SYN-01325,158,train
SYN-01326,159,train
SYN-01327,160,validation
SYN-01328,161,test
SYN-01329,239,train
SYN-01330,2832,train
SYN-01331,3580,train
SYN-01332,2109,train
SYN-01333,401,validation
SYN-01334,162,train
SYN-01335,298,validation
SYN-01336,3171,train
SYN-01337,163,train
SYN-01338,164,test
SYN-01339,3021,train
SYN-01340,3937,train
SYN-01341,634,train
SYN-01342,165,train
SYN-01343,166,test
SYN-01344,4043,train
SYN-01345,167,train
SYN-01346,2021,train
SYN-01347,646,train
SYN-01348,4191,train
SYN-01349,168,validation
SYN-01350,169,train
SYN-01351,2319,train
SYN-01352,170,test
SYN-01353,472,train
SYN-01354,171,train
SYN-01355,172,test
SYN-01356,173,train
SYN-01357,107,train
SYN-01358,174,train
SYN-01359,175,test
SYN-01360,1236,train
SYN-01361,4213,validation
SYN-01362,176,train
SYN-01363,177,train
SYN-01364,178,train
SYN-01365,4482,test
SYN-01366,1153,train
SYN-01367,179,validation
SYN-01368,4124,train
SYN-01369,180,train
SYN-01370,3087,train
SYN-01371,181,train
SYN-01372,182,train
SYN-01373,183,train
SYN-01374,184,test
SYN-01375,634,train
SYN-01376,343,train
SYN-01377,185,test
SYN-01378,1190,train
SYN-01379,3599,train
SYN-01380,102,train
SYN-01381,3701,train
SYN-01382,3189,validation
SYN-01383,176,train
SYN-01384,2032,train
SYN-01385,49,train
SYN-01386,186,train
SYN-01387,4117,test
SYN-01388,200,train
SYN-01389,187,train
SYN-01390,3021,train
SYN-01391,188,validation
SYN-01392,991,train
SYN-01393,189,train
SYN-01394,190,train
SYN-01395,191,train
SYN-01396,4051,train
SYN-01397,2999,train
SYN-01398,3797,train
SYN-01399,192,train
SYN-01400,193,train
SYN-01401,472,train
SYN-01402,1677,test
SYN-01403,36,train
SYN-01404,194,test
SYN-01405,195,train
SYN-01406,196,test
SYN-01407,843,train
SYN-01408,991,train
SYN-01409,197,train
SYN-01410,198,validation
SYN-01411,2482,test
SYN-01412,3580,train
SYN-01413,199,train
SYN-01414,200,train
SYN-01415,201,test
SYN-01416,202,train
SYN-01417,203,train
SYN-01418,204,train
SYN-01419,205,train
SYN-01420,206,train
SYN-01421,3381,train
SYN-01422,207,validation
SYN-01423,1330,train
SYN-01424,105,validation
SYN-01425,208,train
SYN-01426,991,train
SYN-01427,209,train
SYN-01428,2327,train
SYN-01429,2079,train
SYN-01430,210,train
SYN-01431,1902,train
SYN-01432,3189,validation
SYN-01433,211,train
SYN-01434,212,train
SYN-01435,213,validation
SYN-01436,214,train
SYN-01437,215,train
SYN-01438,216,train
SYN-01439,217,train
SYN-01440,1237,train
SYN-01441,2482,test
SYN-01442,36,train
SYN-01443,218,train
SYN-01444,219,train
SYN-01445,1404,validation
SYN-01446,185,test
SYN-01447,220,test
SYN-01448,200,train
SYN-01449,991,train
SYN-01450,221,test
SYN-01451,2452,train
SYN-01452,222,train
SYN-01453,2999,train
SYN-01454,223,validation
SYN-01455,224,test
SYN-01456,4355,validation
SYN-01457,225,train
SYN-01458,3344,validation
SYN-01459,226,train
SYN-01460,2301,train
SYN-01461,227,train
SYN-01462,4459,train
SYN-01463,228,train
SYN-01464,36,train
SYN-01465,3244,train
SYN-01466,229,test
SYN-01467,2032,train
SYN-01468,3580,train
SYN-01469,230,train
SYN-01470,231,train
SYN-01471,232,validation
SYN-01472,3560,train
SYN-01473,4043,train
SYN-01474,3244,train
SYN-01475,233,train
SYN-01476,234,train
SYN-01477,235,train
SYN-01478,3189,validation
SYN-01479,4499,train
SYN-01480,236,train
SYN-01481,4123,train
SYN-01482,237,test
SYN-01483,1330,train
SYN-01484,3580,train
SYN-01485,343,train
SYN-01486,238,validation
SYN-01487,239,train
SYN-01488,240,validation
SYN-01489,3344,validation
SYN-01490,786,train
SYN-01491,241,train
SYN-01492,217,train
SYN-01493,2135,train
SYN-01494,242,train
SYN-01495,243,train
SYN-01496,244,train
SYN-01497,3495,train
SYN-01498,36,train
SYN-01499,2032,train
SYN-01500,245,train
SYN-01501,4335,train
SYN-01502,246,train
SYN-01503,497,validation
SYN-01504,3249,train
SYN-01505,247,train
SYN-01506,4043,train
SYN-01507,3580,train
SYN-01508,1801,train
SYN-01509,3417,train
SYN-01510,2319,train
SYN-01511,794,train
SYN-01512,4134,validation
SYN-01513,248,train
SYN-01514,4523,validation
SYN-01515,1950,train
SYN-01516,49,train
SYN-01517,472,train
SYN-01518,249,train
SYN-01519,1736,test
SYN-01520,250,train
SYN-01521,102,train
SYN-01522,2482,test
SYN-01523,298,validation
SYN-01524,3344,validation
SYN-01525,49,train
SYN-01526,251,train
SYN-01527,2140,train
SYN-01528,472,train
SYN-01529,4043,train
SYN-01530,3189,validation
SYN-01531,252,train
SYN-01532,253,train
SYN-01533,254,train
SYN-01534,255,train
SYN-01535,2032,train
SYN-01536,4227,train
SYN-01537,256,train
SYN-01538,910,validation
SYN-01539,257,test
SYN-01540,887,train
SYN-01541,258,train
SYN-01542,259,train
SYN-01543,260,train
SYN-01544,261,train
SYN-01545,262,train
SYN-01546,263,train
SYN-01547,264,test
SYN-01548,1018,train
SYN-01549,36,train
SYN-01550,265,train
SYN-01551,562,validation
SYN-01552,266,train
SYN-01553,3854,train
SYN-01554,4051,train
SYN-01555,267,train
SYN-01556,3021,train
SYN-01557,733,train
SYN-01558,4015,train
SYN-01559,3580,train
SYN-01560,991,train
SYN-01561,2032,train
SYN-01562,440,train
SYN-01563,268,test
SYN-01564,269,test
SYN-01565,270,train
SYN-01566,271,test
SYN-01567,3471,validation
SYN-01568,293,train
SYN-01569,272,validation
SYN-01570,2586,train
SYN-01571,1664,validation
SYN-01572,1713,train
SYN-01573,273,train
SYN-01574,274,validation
SYN-01575,275,train
SYN-01576,276,train
SYN-01577,277,train
SYN-01578,3797,train
SYN-01579,278,train
SYN-01580,1330,train
SYN-01581,279,train
SYN-01582,280,train
SYN-01583,680,validation
SYN-01584,281,validation
SYN-01585,49,train
SYN-01586,282,train
SYN-01587,3189,validation
SYN-01588,794,train
SYN-01589,283,train
SYN-01590,284,validation
SYN-01591,285,train
SYN-01592,1718,train
SYN-01593,286,validation
SYN-01594,401,validation
SYN-01595,287,train
SYN-01596,288,train
SYN-01597,289,test
SYN-01598,290,train
SYN-01599,291,validation
SYN-01600,292,test
SYN-01601,2327,train
SYN-01602,293,train
SYN-01603,294,train
SYN-01604,4217,validation
SYN-01605,2471,validation
SYN-01606,2041,train
SYN-01607,1718,train
SYN-01608,295,train
SYN-01609,900,test
SYN-01610,1561,validation
SYN-01611,296,train
SYN-01612,297,train
SYN-01613,298,validation
SYN-01614,299,validation
SYN-01615,36,train
SYN-01616,298,validation
SYN-01617,1330,train
SYN-01618,300,train
SYN-01619,301,train
SYN-01620,1153,train
SYN-01621,3199,test
SYN-01622,302,train
SYN-01623,36,train
SYN-01624,200,train
SYN-01625,303,test
SYN-01626,4045,train
SYN-01627,304,train
SYN-01628,305,test
SYN-01629,3580,train
SYN-01630,4263,train
SYN-01631,472,train
SYN-01632,306,validation
SYN-01633,3810,train
SYN-01634,692,train
SYN-01635,307,test
SYN-01636,1585,train
SYN-01637,200,train
SYN-01638,308,train
SYN-01639,1061,test
SYN-01640,309,validation
SYN-01641,4008,train
SYN-01642,310,test
SYN-01643,311,train
SYN-01644,2327,train
SYN-01645,2204,train
SYN-01646,312,test
SYN-01647,991,train
SYN-01648,313,validation
SYN-01649,314,train
SYN-01650,315,test
SYN-01651,1190,train
SYN-01652,316,train
SYN-01653,317,train
SYN-01654,991,train
SYN-01655,318,train
SYN-01656,319,test
SYN-01657,320,train
SYN-01658,321,train
SYN-01659,322,train
SYN-01660,634,train
SYN-01661,2575,validation
SYN-01662,323,test
SYN-01663,3471,validation
SYN-01664,324,train
SYN-01665,325,train
SYN-01666,2684,train
SYN-01667,4186,train
SYN-01668,34,train
SYN-01669,2032,train
SYN-01670,472,train
SYN-01671,326,train
SYN-01672,3580,train
SYN-01673,1190,train
SYN-01674,327,train
SYN-01675,328,train
SYN-01676,1664,validation
SYN-01677,3797,train
SYN-01678,2811,train
SYN-01679,2482,test
SYN-01680,3444,validation
SYN-01681,3797,train
SYN-01682,2327,train
SYN-01683,329,train
SYN-01684,330,validation
SYN-01685,331,train
SYN-01686,476,train
SYN-01687,332,validation
SYN-01688,4500,test
SYN-01689,333,train
SYN-01690,334,train
SYN-01691,2135,train
SYN-01692,335,test
SYN-01693,2135,train
SYN-01694,336,train
SYN-01695,185,test
SYN-01696,337,test
SYN-01697,1439,train
SYN-01698,338,validation
SYN-01699,339,train
SYN-01700,200,train
SYN-01701,340,validation
SYN-01702,3925,train
SYN-01703,1718,train
SYN-01704,3797,train
SYN-01705,1061,test
SYN-01706,341,train
SYN-01707,342,train
SYN-01708,343,train
SYN-01709,4064,train
SYN-01710,344,test
SYN-01711,345,train
SYN-01712,346,train
SYN-01713,1061,test
SYN-01714,3021,train
SYN-01715,1234,train
SYN-01716,2482,test
SYN-01717,347,train
SYN-01718,19,train
SYN-01719,130,train
SYN-01720,3580,train
SYN-01721,3819,validation
SYN-01722,1263,train
SYN-01723,1330,train
SYN-01724,1190,train
SYN-01725,991,train
SYN-01726,348,train
SYN-01727,349,train
SYN-01728,350,train
SYN-01729,351,train
SYN-01730,352,train
SYN-01731,298,validation
SYN-01732,353,test
SYN-01733,4008,train
SYN-01734,354,test
SYN-01735,185,test
SYN-01736,355,train
SYN-01737,3797,train
SYN-01738,1831,test
SYN-01739,356,validation
SYN-01740,2135,train
SYN-01741,357,train
SYN-01742,2079,train
SYN-01743,207,validation
SYN-01744,358,train
SYN-01745,359,train
SYN-01746,752,train
SYN-01747,360,train
SYN-01748,2032,train
SYN-01749,2032,train
SYN-01750,1264,train
SYN-01751,3797,train
SYN-01752,361,validation
SYN-01753,19,train
SYN-01754,200,train
SYN-01755,19,train
SYN-01756,200,train
SYN-01757,2436,train
SYN-01758,3580,train
SYN-01759,1190,train
SYN-01760,1330,train
SYN-01761,362,test
SYN-01762,363,train
SYN-01763,364,train
SYN-01764,294,train
SYN-01765,365,train
SYN-01766,3797,train
SYN-01767,1330,train
SYN-01768,3205,train
SYN-01769,36,train
SYN-01770,2999,train
SYN-01771,366,validation
SYN-01772,3264,test
SYN-01773,367,train
SYN-01774,1190,train
SYN-01775,368,train
SYN-01776,369,train
SYN-01777,370,train
SYN-01778,3503,train
SYN-01779,1330,train
SYN-01780,2482,test
SYN-01781,371,validation
SYN-01782,372,test
SYN-01783,36,train
SYN-01784,373,train
SYN-01785,374,train
SYN-01786,375,test
SYN-01787,376,train
SYN-01788,1263,train
SYN-01789,4064,train
SYN-01790,4270,train
SYN-01791,200,train
SYN-01792,1831,test
SYN-01793,249,train
SYN-01794,472,train
SYN-01795,377,train
SYN-01796,378,train
SYN-01797,1770,train
SYN-01798,3264,test
SYN-01799,4263,train
SYN-01800,379,train
SYN-01801,380,train
SYN-01802,381,train
SYN-01803,49,train
SYN-01804,1801,train
SYN-01805,382,test
SYN-01806,1263,train
SYN-01807,383,test
SYN-01808,4270,train
SYN-01809,384,validation
SYN-01810,385,train
SYN-01811,3189,validation
SYN-01812,3797,train
SYN-01813,386,validation
SYN-01814,3797,train
SYN-01815,1153,train
SYN-01816,2999,train
SYN-01817,387,train
SYN-01818,2032,train
SYN-01819,388,test
SYN-01820,389,test
SYN-01821,1053,test
SYN-01822,200,train
SYN-01823,3189,validation
SYN-01824,390,train
SYN-01825,391,train
SYN-01826,392,train
SYN-01827,393,train
SYN-01828,394,train
SYN-01829,395,train
SYN-01830,102,train
SYN-01831,200,train
SYN-01832,396,train
SYN-01833,397,train
SYN-01834,398,train
SYN-01835,399,train
SYN-01836,3580,train
SYN-01837,49,train
SYN-01838,400,validation
SYN-01839,401,validation
SYN-01840,36,train
SYN-01841,3244,train
SYN-01842,402,train
SYN-01843,1801,train
SYN-01844,403,train
SYN-01845,4064,train
SYN-01846,2515,test
SYN-01847,2369,train
SYN-01848,404,train
SYN-01849,405,train
SYN-01850,406,train
SYN-01851,407,validation
SYN-01852,408,train
SYN-01853,1190,train
SYN-01854,409,validation
SYN-01855,49,train
SYN-01856,2032,train
SYN-01857,410,validation
SYN-01858,3471,validation
SYN-01859,4326,train
SYN-01860,1018,train
SYN-01861,2811,train
SYN-01862,411,validation
SYN-01863,3791,test
SYN-01864,2811,train
SYN-01865,2167,validation
SYN-01866,112,test
SYN-01867,412,train
SYN-01868,1803,train
SYN-01869,413,train
SYN-01870,414,train
SYN-01871,200,train
SYN-01872,415,train
SYN-01873,3244,train
SYN-01874,416,train
SYN-01875,472,train
SYN-01876,1237,train
SYN-01877,213,validation
SYN-01878,2327,train
SYN-01879,417,train
SYN-01880,418,train
SYN-01881,419,validation
SYN-01882,420,train
SYN-01883,421,test
SYN-01884,422,train
SYN-01885,3802,train
SYN-01886,2313,test
SYN-01887,1153,train
SYN-01888,423,test
SYN-01889,4473,train
SYN-01890,424,train
SYN-01891,1330,train
SYN-01892,3877,validation
SYN-01893,425,train
SYN-01894,3797,train
SYN-01895,1263,train
SYN-01896,1018,train
SYN-01897,794,train
SYN-01898,426,train
SYN-01899,36,train
SYN-01900,427,test
SYN-01901,428,test
SYN-01902,429,train
SYN-01903,182,train
SYN-01904,1263,train
SYN-01905,430,test
SYN-01906,431,train
SYN-01907,3580,train
SYN-01908,432,train
SYN-01909,36,train
SYN-01910,3189,validation
SYN-01911,433,train
SYN-01912,4253,train
SYN-01913,434,train
SYN-01914,794,train
SYN-01915,3021,train
SYN-01916,991,train
SYN-01917,4123,train
SYN-01918,3249,train
SYN-01919,1061,test
SYN-01920,435,train
SYN-01921,436,validation
SYN-01922,3877,validation
SYN-01923,3087,train
SYN-01924,437,validation
SYN-01925,438,train
SYN-01926,2049,validation
SYN-01927,2075,train
SYN-01928,439,test
SYN-01929,3189,validation
SYN-01930,440,train
SYN-01931,1190,train
SYN-01932,2032,train
SYN-01933,441,train
SYN-01934,1190,train
SYN-01935,4305,train
SYN-01936,442,train
SYN-01937,443,train
SYN-01938,910,validation
SYN-01939,2032,train
SYN-01940,4270,train
SYN-01941,2634,train
SYN-01942,3244,train
SYN-01943,444,train
SYN-01944,445,train
SYN-01945,4104,validation
SYN-01946,185,test
SYN-01947,2327,train
SYN-01948,3437,validation
SYN-01949,446,train
SYN-01950,447,train
SYN-01951,448,train
SYN-01952,2327,train
SYN-01953,449,train
SYN-01954,450,test
SYN-01955,3495,train
SYN-01956,451,train
SYN-01957,1061,test
SYN-01958,102,train
SYN-01959,452,train
SYN-01960,453,train
SYN-01961,2032,train
SYN-01962,200,train
SYN-01963,454,train
SYN-01964,455,test
SYN-01965,456,train
SYN-01966,457,test
SYN-01967,3407,train
SYN-01968,551,train
SYN-01969,4043,train
SYN-01970,2806,train
SYN-01971,298,validation
SYN-01972,991,train
SYN-01973,2527,train
SYN-01974,452,train
SYN-01975,3264,test
SYN-01976,3344,validation
SYN-01977,458,test
SYN-01978,2369,train
SYN-01979,257,test
SYN-01980,200,train
SYN-01981,1713,train
SYN-01982,200,train
SYN-01983,794,train
SYN-01984,36,train
SYN-01985,459,validation
SYN-01986,200,train
SYN-01987,460,validation
SYN-01988,1190,train
SYN-01989,752,train
SYN-01990,271,test
SYN-01991,2327,train
SYN-01992,461,validation
SYN-01993,19,train
SYN-01994,1263,train
SYN-01995,462,train
SYN-01996,2482,test
SYN-01997,2327,train
SYN-01998,1666,validation
SYN-01999,2032,train
SYN-02000,1844,train
SYN-02001,3797,train
SYN-02002,2079,train
SYN-02003,3189,validation
SYN-02004,463,train
SYN-02005,2689,train
SYN-02006,4008,train
SYN-02007,1031,train
SYN-02008,1125,train
SYN-02009,2327,train
SYN-02010,185,test
SYN-02011,464,validation
SYN-02012,465,train
SYN-02013,991,train
SYN-02014,2032,train
SYN-02015,1237,train
SYN-02016,466,train
SYN-02017,2079,train
SYN-02018,3797,train
SYN-02019,467,train
SYN-02020,426,train
SYN-02021,36,train
SYN-02022,36,train
SYN-02023,468,train
SYN-02024,634,train
SYN-02025,469,train
SYN-02026,470,train
SYN-02027,49,train
SYN-02028,471,train
SYN-02029,472,train
SYN-02030,473,test
SYN-02031,474,train
SYN-02032,475,train
SYN-02033,265,train
SYN-02034,476,train
SYN-02035,4008,train
SYN-02036,477,train
SYN-02037,478,train
SYN-02038,479,train
SYN-02039,991,train
SYN-02040,3580,train
SYN-02041,1928,train
SYN-02042,480,test
SYN-02043,3244,train
SYN-02044,481,train
SYN-02045,634,train
SYN-02046,482,test
SYN-02047,3021,train
SYN-02048,483,validation
SYN-02049,484,train
SYN-02050,2902,train
SYN-02051,485,validation
SYN-02052,3316,train
SYN-02053,486,train
SYN-02054,4270,train
SYN-02055,487,test
SYN-02056,36,train
SYN-02057,4126,train
SYN-02058,488,train
SYN-02059,3249,train
SYN-02060,489,train
SYN-02061,200,train
SYN-02062,490,train
SYN-02063,1330,train
SYN-02064,491,train
SYN-02065,492,test
SYN-02066,15,test
SYN-02067,493,train
SYN-02068,4263,train
SYN-02069,3189,validation
SYN-02070,49,train
SYN-02071,494,train
SYN-02072,991,train
SYN-02073,4094,validation
SYN-02074,495,train
SYN-02075,496,train
SYN-02076,497,validation
SYN-02077,4008,train
SYN-02078,498,validation
SYN-02079,3021,train
SYN-02080,794,train
SYN-02081,426,train
SYN-02082,499,train
SYN-02083,500,train
SYN-02084,4043,train
SYN-02085,19,train
SYN-02086,501,test
SYN-02087,1237,train
SYN-02088,19,train
SYN-02089,502,train
SYN-02090,503,train
SYN-02091,1061,test
SYN-02092,504,validation
SYN-02093,3797,train
SYN-02094,3309,validation
SYN-02095,505,train
SYN-02096,3471,validation
SYN-02097,506,train
SYN-02098,4064,train
SYN-02099,3264,test
SYN-02100,102,train
SYN-02101,507,train
SYN-02102,3189,validation
SYN-02103,1018,train
SYN-02104,508,train
SYN-02105,4441,train
SYN-02106,509,train
SYN-02107,634,train
SYN-02108,2135,train
SYN-02109,510,train
SYN-02110,511,train
SYN-02111,512,validation
SYN-02112,513,train
SYN-02113,514,train
SYN-02114,1330,train
SYN-02115,1330,train
SYN-02116,515,validation
SYN-02117,4218,train
SYN-02118,516,validation
SYN-02119,517,train
SYN-02120,518,train
SYN-02121,4227,train
SYN-02122,519,train
SYN-02123,520,test
SYN-02124,2999,train
SYN-02125,521,train
SYN-02126,3797,train
SYN-02127,522,test
SYN-02128,523,validation
SYN-02129,524,train
SYN-02130,472,train
SYN-02131,3471,validation
SYN-02132,525,test
SYN-02133,19,train
SYN-02134,526,train
SYN-02135,527,validation
SYN-02136,528,train
SYN-02137,1043,train
SYN-02138,3264,test
SYN-02139,918,train
SYN-02140,529,train
SYN-02141,3823,validation
SYN-02142,530,train
SYN-02143,2482,test
SYN-02144,531,train
SYN-02145,532,train
SYN-02146,533,train
SYN-02147,469,train
SYN-02148,534,train
SYN-02149,535,train
SYN-02150,536,train
SYN-02151,2999,train
SYN-02152,3189,validation
SYN-02153,537,validation
SYN-02154,991,train
SYN-02155,538,train
SYN-02156,200,train
SYN-02157,200,train
SYN-02158,4044,train
SYN-02159,539,test
SYN-02160,1190,train
SYN-02161,540,train
SYN-02162,541,train
SYN-02163,1264,train
SYN-02164,2313,test
SYN-02165,1585,train
SYN-02166,542,train
SYN-02167,543,validation
SYN-02168,544,train
SYN-02169,545,test
SYN-02170,546,train
SYN-02171,547,train
SYN-02172,1190,train
SYN-02173,548,train
SYN-02174,3189,validation
SYN-02175,549,train
SYN-02176,1190,train
SYN-02177,550,train
SYN-02178,551,train
SYN-02179,185,test
SYN-02180,4500,test
SYN-02181,552,validation
SYN-02182,553,train
SYN-02183,2605,train
SYN-02184,4385,train
SYN-02185,554,test
SYN-02186,36,train
SYN-02187,555,train
SYN-02188,556,train
SYN-02189,557,test
SYN-02190,558,train
SYN-02191,36,train
SYN-02192,2079,train
SYN-02193,3189,validation
SYN-02194,559,train
SYN-02195,991,train
SYN-02196,1330,train
SYN-02197,813,test
SYN-02198,560,train
SYN-02199,2327,train
SYN-02200,2850,train
SYN-02201,561,train
SYN-02202,562,validation
SYN-02203,2728,train
SYN-02204,2850,train
SYN-02205,4559,train
SYN-02206,563,train
SYN-02207,2369,train
SYN-02208,564,train
SYN-02209,565,train
SYN-02210,1237,train
SYN-02211,49,train
SYN-02212,566,train
SYN-02213,298,validation
SYN-02214,567,train
SYN-02215,568,train
SYN-02216,569,train
SYN-02217,200,train
SYN-02218,3264,test
SYN-02219,3189,validation
SYN-02220,3244,train
SYN-02221,19,train
SYN-02222,570,test
SYN-02223,571,train
SYN-02224,3560,train
SYN-02225,4355,validation
SYN-02226,572,train
SYN-02227,2369,train
SYN-02228,3497,validation
SYN-02229,1065,train
SYN-02230,573,train
SYN-02231,574,train
SYN-02232,1190,train
SYN-02233,991,train
SYN-02234,575,train
SYN-02235,991,train
SYN-02236,576,validation
SYN-02237,577,train
SYN-02238,578,validation
SYN-02239,3264,test
SYN-02240,579,validation
SYN-02241,3797,train
SYN-02242,580,train
SYN-02243,1330,train
SYN-02244,581,test
SYN-02245,582,train
SYN-02246,991,train
SYN-02247,583,train
SYN-02248,584,train
SYN-02249,2579,train
SYN-02250,585,test
SYN-02251,586,train
SYN-02252,2482,test
SYN-02253,587,validation
SYN-02254,3021,train
SYN-02255,588,train
SYN-02256,589,validation
SYN-02257,590,validation
SYN-02258,591,train
SYN-02259,2032,train
SYN-02260,592,train
SYN-02261,2313,test
SYN-02262,3386,train
SYN-02263,593,train
SYN-02264,1190,train
SYN-02265,594,validation
SYN-02266,595,train
SYN-02267,596,test
SYN-02268,3734,train
SYN-02269,597,validation
SYN-02270,598,train
SYN-02271,200,train
SYN-02272,599,train
SYN-02273,600,train
SYN-02274,1816,train
SYN-02275,1121,train
SYN-02276,601,train
SYN-02277,3060,test
SYN-02278,602,train
SYN-02279,603,train
SYN-02280,604,train
SYN-02281,200,train
SYN-02282,3189,validation
SYN-02283,36,train
SYN-02284,4008,train
SYN-02285,605,train
SYN-02286,606,train
SYN-02287,19,train
SYN-02288,4045,train
SYN-02289,3987,train
SYN-02290,593,train
SYN-02291,607,train
SYN-02292,608,validation
SYN-02293,609,train
SYN-02294,610,train
SYN-02295,611,train
SYN-02296,612,train
SYN-02297,200,train
SYN-02298,613,train
SYN-02299,1190,train
SYN-02300,614,train
SYN-02301,3244,train
SYN-02302,615,train
SYN-02303,2492,train
SYN-02304,294,train
SYN-02305,2327,train
SYN-02306,616,train
SYN-02307,617,train
SYN-02308,618,train
SYN-02309,2032,train
SYN-02310,200,train
SYN-02311,539,test
SYN-02312,619,train
SYN-02313,620,train
SYN-02314,621,train
SYN-02315,3189,validation
SYN-02316,622,train
SYN-02317,623,train
SYN-02318,624,train
SYN-02319,200,train
SYN-02320,625,train
SYN-02321,626,train
SYN-02322,627,test
SYN-02323,628,test
SYN-02324,629,train
SYN-02325,4138,train
SYN-02326,630,train
SYN-02327,631,train
SYN-02328,632,train
SYN-02329,2715,train
SYN-02330,3244,train
SYN-02331,36,train
SYN-02332,633,train
SYN-02333,634,train
SYN-02334,472,train
SYN-02335,3323,test
SYN-02336,1018,train
SYN-02337,635,train
SYN-02338,49,train
SYN-02339,636,test
SYN-02340,1190,train
SYN-02341,637,train
SYN-02342,638,train
SYN-02343,2032,train
SYN-02344,639,test
SYN-02345,991,train
SYN-02346,640,train
SYN-02347,200,train
SYN-02348,4285,train
SYN-02349,2765,train
SYN-02350,3244,train
SYN-02351,634,train
SYN-02352,641,train
SYN-02353,642,train
SYN-02354,4043,train
SYN-02355,643,train
SYN-02356,991,train
SYN-02357,200,train
SYN-02358,328,train
SYN-02359,3338,test
SYN-02360,3580,train
SYN-02361,472,train
SYN-02362,644,test
SYN-02363,2939,train
SYN-02364,321,train
SYN-02365,200,train
SYN-02366,4325,test
SYN-02367,3024,train
SYN-02368,523,validation
SYN-02369,49,train
SYN-02370,1863,validation
SYN-02371,645,train
SYN-02372,3495,train
SYN-02373,3021,train
SYN-02374,472,train
SYN-02375,646,train
SYN-02376,1831,test
SYN-02377,1330,train
SYN-02378,647,train
SYN-02379,648,train
SYN-02380,649,train
SYN-02381,650,train
SYN-02382,2032,train
SYN-02383,651,train
SYN-02384,652,train
SYN-02385,3580,train
SYN-02386,1585,train
SYN-02387,653,validation
SYN-02388,1190,train
SYN-02389,3189,validation
SYN-02390,654,test
SYN-02391,1928,train
SYN-02392,4045,train
SYN-02393,472,train
SYN-02394,736,train
SYN-02395,655,train
SYN-02396,656,train
SYN-02397,657,train
SYN-02398,658,train
SYN-02399,213,validation
SYN-02400,2482,test
SYN-02401,659,train
SYN-02402,2032,train
SYN-02403,3264,test
SYN-02404,660,test
SYN-02405,661,train
SYN-02406,662,train
SYN-02407,663,train
SYN-02408,664,test
SYN-02409,1330,train
SYN-02410,3244,train
SYN-02411,1585,train
SYN-02412,665,train
SYN-02413,991,train
SYN-02414,49,train
SYN-02415,2313,test
SYN-02416,2682,test
SYN-02417,666,train
SYN-02418,667,train
SYN-02419,3580,train
SYN-02420,668,train
SYN-02421,472,train
SYN-02422,669,train
SYN-02423,670,validation
SYN-02424,671,train
SYN-02425,672,validation
SYN-02426,36,train
SYN-02427,673,test
SYN-02428,4011,train
SYN-02429,4263,train
SYN-02430,3797,train
SYN-02431,298,validation
SYN-02432,3495,train
SYN-02433,1061,test
SYN-02434,674,train
SYN-02435,3681,train
SYN-02436,675,train
SYN-02437,676,train
SYN-02438,401,validation
SYN-02439,677,train
SYN-02440,678,train
SYN-02441,991,train
SYN-02442,679,train
SYN-02443,680,validation
SYN-02444,4005,train
SYN-02445,2117,train
SYN-02446,681,train
SYN-02447,786,train
SYN-02448,634,train
SYN-02449,682,train
SYN-02450,683,validation
SYN-02451,684,test
SYN-02452,685,train
SYN-02453,686,train
SYN-02454,687,train
SYN-02455,977,train
SYN-02456,4064,train
SYN-02457,200,train
SYN-02458,634,train
SYN-02459,688,train
SYN-02460,689,test
SYN-02461,690,train
SYN-02462,691,train
SYN-02463,93,train
SYN-02464,692,train
SYN-02465,693,validation
SYN-02466,3344,validation
SYN-02467,694,train
SYN-02468,695,test
SYN-02469,696,train
SYN-02470,697,train
SYN-02471,698,train
SYN-02472,699,train
SYN-02473,634,train
SYN-02474,700,validation
SYN-02475,3344,validation
SYN-02476,701,test
SYN-02477,702,validation
SYN-02478,703,train
SYN-02479,704,test
SYN-02480,705,test
SYN-02481,36,train
SYN-02482,4263,train
SYN-02483,706,train
SYN-02484,707,train
SYN-02485,343,train
SYN-02486,708,train
SYN-02487,3344,validation
SYN-02488,1923,test
SYN-02489,3797,train
SYN-02490,709,train
SYN-02491,4124,train
SYN-02492,752,train
SYN-02493,200,train
SYN-02494,3189,validation
SYN-02495,36,train
SYN-02496,1831,test
SYN-02497,710,train
SYN-02498,36,train
SYN-02499,3580,train
SYN-02500,711,train
SYN-02501,1831,test
SYN-02502,712,train
SYN-02503,171,train
SYN-02504,4045,train
SYN-02505,4355,validation
SYN-02506,200,train
SYN-02507,2135,train
SYN-02508,3244,train
SYN-02509,713,train
SYN-02510,714,train
SYN-02511,200,train
SYN-02512,2032,train
SYN-02513,715,train
SYN-02514,200,train
SYN-02515,716,train
SYN-02516,717,train
SYN-02517,1654,test
SYN-02518,4378,validation
SYN-02519,1941,train
SYN-02520,718,train
SYN-02521,719,train
SYN-02522,1190,train
SYN-02523,3580,train
SYN-02524,720,train
SYN-02525,19,train
SYN-02526,721,train
SYN-02527,1190,train
SYN-02528,722,validation
SYN-02529,49,train
SYN-02530,723,train
SYN-02531,724,train
SYN-02532,991,train
SYN-02533,3189,validation
SYN-02534,725,train
SYN-02535,726,test
SYN-02536,3313,train
SYN-02537,105,validation
SYN-02538,910,validation
SYN-02539,727,validation
SYN-02540,49,train
SYN-02541,728,train
SYN-02542,343,train
SYN-02543,729,train
SYN-02544,1264,train
SYN-02545,730,train
SYN-02546,731,test
SYN-02547,3389,train
SYN-02548,249,train
SYN-02549,732,train
SYN-02550,1190,train
SYN-02551,733,train
SYN-02552,734,train
SYN-02553,735,validation
SYN-02554,3021,train
SYN-02555,736,train
SYN-02556,737,train
SYN-02557,1190,train
SYN-02558,738,train
SYN-02559,739,train
SYN-02560,36,train
SYN-02561,740,train
SYN-02562,741,train
SYN-02563,742,train
SYN-02564,3189,validation
SYN-02565,743,train
SYN-02566,744,train
SYN-02567,3021,train
SYN-02568,745,train
SYN-02569,746,test
SYN-02570,200,train
SYN-02571,747,train
SYN-02572,4526,train
SYN-02573,1263,train
SYN-02574,2818,validation
SYN-02575,748,train
SYN-02576,752,train
SYN-02577,749,validation
SYN-02578,1844,train
SYN-02579,4064,train
SYN-02580,49,train
SYN-02581,3344,validation
SYN-02582,750,test
SYN-02583,3244,train
SYN-02584,751,train
SYN-02585,1061,test
SYN-02586,442,train
SYN-02587,752,train
SYN-02588,813,test
SYN-02589,4459,train
SYN-02590,753,validation
SYN-02591,754,validation
SYN-02592,755,train
SYN-02593,756,train
SYN-02594,1961,train
SYN-02595,1330,train
SYN-02596,3386,train
SYN-02597,991,train
SYN-02598,757,train
SYN-02599,758,train
SYN-02600,786,train
SYN-02601,2452,train
SYN-02602,3584,train
SYN-02603,759,train
SYN-02604,760,validation
SYN-02605,82,train
SYN-02606,761,train
SYN-02607,2079,train
SYN-02608,762,train
SYN-02609,1654,test
SYN-02610,1190,train
SYN-02611,49,train
SYN-02612,1330,train
SYN-02613,1018,train
SYN-02614,763,train
SYN-02615,764,train
SYN-02616,1061,test
SYN-02617,765,train
SYN-02618,991,train
SYN-02619,3580,train
SYN-02620,766,train
SYN-02621,3580,train
SYN-02622,767,train
SYN-02623,634,train
SYN-02624,768,train
SYN-02625,200,train
SYN-02626,200,train
SYN-02627,769,validation
SYN-02628,770,test
SYN-02629,771,train
SYN-02630,3021,train
SYN-02631,3480,train
SYN-02632,1831,test
SYN-02633,78,train
SYN-02634,772,train
SYN-02635,773,validation
SYN-02636,3580,train
SYN-02637,991,train
SYN-02638,774,test
SYN-02639,850,train
SYN-02640,775,train
SYN-02641,776,train
SYN-02642,777,train
SYN-02643,778,train
SYN-02644,569,train
SYN-02645,1264,train
SYN-02646,779,train
SYN-02647,1404,validation
SYN-02648,3580,train
SYN-02649,3741,train
SYN-02650,3580,train
SYN-02651,3495,train
SYN-02652,1330,train
SYN-02653,3797,train
SYN-02654,780,train
SYN-02655,19,train
SYN-02656,781,train
SYN-02657,782,train
SYN-02658,783,test
SYN-02659,3249,train
SYN-02660,991,train
SYN-02661,2999,train
SYN-02662,3197,test
SYN-02663,3560,train
SYN-02664,4475,test
SYN-02665,784,train
SYN-02666,3580,train
SYN-02667,785,test
SYN-02668,786,train
SYN-02669,634,train
SYN-02670,578,validation
SYN-02671,787,train
SYN-02672,788,test
SYN-02673,1330,train
SYN-02674,472,train
SYN-02675,200,train
SYN-02676,789,validation
SYN-02677,3021,train
SYN-02678,733,train
SYN-02679,4270,train
SYN-02680,790,train
SYN-02681,2897,train
SYN-02682,791,train
SYN-02683,792,train
SYN-02684,793,train
SYN-02685,291,validation
SYN-02686,3189,validation
SYN-02687,794,train
SYN-02688,4353,validation
SYN-02689,2896,train
SYN-02690,3218,train
SYN-02691,795,train
SYN-02692,796,train
SYN-02693,991,train
SYN-02694,797,test
SYN-02695,798,train
SYN-02696,799,train
SYN-02697,800,train
SYN-02698,801,train
SYN-02699,206,train
SYN-02700,2452,train
SYN-02701,802,train
SYN-02702,803,train
SYN-02703,736,train
SYN-02704,804,train
SYN-02705,2032,train
SYN-02706,36,train
SYN-02707,1330,train
SYN-02708,2469,train
SYN-02709,805,train
SYN-02710,3630,train
SYN-02711,991,train
SYN-02712,806,train
SYN-02713,4008,train
SYN-02714,4263,train
SYN-02715,1190,train
SYN-02716,2079,train
SYN-02717,472,train
SYN-02718,551,train
SYN-02719,200,train
SYN-02720,807,validation
SYN-02721,3584,train
SYN-02722,401,validation
SYN-02723,808,test
SYN-02724,809,train
SYN-02725,810,train
SYN-02726,1190,train
SYN-02727,1831,test
SYN-02728,4263,train
SYN-02729,3854,train
SYN-02730,811,train
SYN-02731,812,validation
SYN-02732,813,test
SYN-02733,4008,train
SYN-02734,472,train
SYN-02735,814,train
SYN-02736,933,train
SYN-02737,81,train
SYN-02738,815,train
SYN-02739,4343,validation
SYN-02740,2964,validation
SYN-02741,4361,test
SYN-02742,816,train
SYN-02743,817,train
SYN-02744,818,train
SYN-02745,819,train
SYN-02746,820,train
SYN-02747,821,train
SYN-02748,28,train
SYN-02749,1855,train
SYN-02750,4045,train
SYN-02751,3797,train
SYN-02752,822,test
SYN-02753,239,train
SYN-02754,823,train
SYN-02755,824,validation
SYN-02756,825,train
SYN-02757,826,train
SYN-02758,3189,validation
SYN-02759,3264,test
SYN-02760,827,train
SYN-02761,828,train
SYN-02762,3495,train
SYN-02763,2079,train
SYN-02764,829,train
SYN-02765,812,validation
SYN-02766,1263,train
SYN-02767,1330,train
SYN-02768,200,train
SYN-02769,830,train
SYN-02770,2032,train
SYN-02771,2683,train
SYN-02772,1654,test
SYN-02773,831,test
SYN-02774,832,test
SYN-02775,833,train
SYN-02776,93,train
SYN-02777,834,test
SYN-02778,2102,train
SYN-02779,3471,validation
SYN-02780,1926,train
SYN-02781,835,validation
SYN-02782,3580,train
SYN-02783,49,train
SYN-02784,836,train
SYN-02785,837,train
SYN-02786,200,train
SYN-02787,3580,train
SYN-02788,4408,train
SYN-02789,838,train
SYN-02790,3181,train
SYN-02791,839,train
SYN-02792,840,train
SYN-02793,991,train
SYN-02794,841,train
SYN-02795,3797,train
SYN-02796,1831,test
SYN-02797,2955,train
SYN-02798,4289,train
SYN-02799,3344,validation
SYN-02800,842,validation
SYN-02801,3495,train
SYN-02802,843,train
SYN-02803,2101,validation
SYN-02804,200,train
SYN-02805,3249,train
SYN-02806,1061,test
SYN-02807,3495,train
SYN-02808,3557,test
SYN-02809,844,test
SYN-02810,845,validation
SYN-02811,3740,train
SYN-02812,1585,train
SYN-02813,2790,test
SYN-02814,3234,validation
SYN-02815,3416,train
SYN-02816,36,train
SYN-02817,846,test
SYN-02818,991,train
SYN-02819,847,train
SYN-02820,848,train
SYN-02821,849,train
SYN-02822,850,train
SYN-02823,851,train
SYN-02824,852,validation
SYN-02825,853,validation
SYN-02826,854,validation
SYN-02827,855,train
SYN-02828,3580,train
SYN-02829,856,test
SYN-02830,3264,test
SYN-02831,857,train
SYN-02832,200,train
SYN-02833,858,train
SYN-02834,813,test
SYN-02835,3189,validation
SYN-02836,859,train
SYN-02837,860,test
SYN-02838,472,train
SYN-02839,861,train
SYN-02840,862,train
SYN-02841,863,test
SYN-02842,19,train
SYN-02843,864,train
SYN-02844,3580,train
SYN-02845,865,train
SYN-02846,866,train
SYN-02847,867,train
SYN-02848,2676,test
SYN-02849,692,train
SYN-02850,868,train
SYN-02851,1330,train
SYN-02852,2482,test
SYN-02853,869,validation
SYN-02854,813,test
SYN-02855,870,train
SYN-02856,3487,train
SYN-02857,871,validation
SYN-02858,872,validation
SYN-02859,873,train
SYN-02860,874,train
SYN-02861,3471,validation
SYN-02862,3649,test
SYN-02863,3281,test
SYN-02864,875,train
SYN-02865,876,test
SYN-02866,877,train
SYN-02867,3580,train
SYN-02868,200,train
SYN-02869,878,train
SYN-02870,3580,train
SYN-02871,3244,train
SYN-02872,879,train
SYN-02873,880,train
SYN-02874,881,train
SYN-02875,3580,train
SYN-02876,882,train
SYN-02877,883,test
SYN-02878,884,train
SYN-02879,885,train
SYN-02880,3344,validation
SYN-02881,886,train
SYN-02882,1330,train
SYN-02883,551,train
SYN-02884,887,train
SYN-02885,888,train
SYN-02886,3580,train
SYN-02887,889,validation
SYN-02888,994,train
SYN-02889,4263,train
SYN-02890,1928,train
SYN-02891,890,test
SYN-02892,891,train
SYN-02893,4045,train
SYN-02894,634,train
SYN-02895,892,train
SYN-02896,200,train
SYN-02897,2999,train
SYN-02898,49,train
SYN-02899,893,train
SYN-02900,894,train
SYN-02901,634,train
SYN-02902,895,validation
SYN-02903,896,validation
SYN-02904,897,train
SYN-02905,49,train
SYN-02906,3580,train
SYN-02907,160,validation
SYN-02908,898,train
SYN-02909,3471,validation
SYN-02910,899,train
SYN-02911,3580,train
SYN-02912,900,test
SYN-02913,102,train
SYN-02914,901,validation
SYN-02915,902,train
SYN-02916,903,validation
SYN-02917,3744,test
SYN-02918,904,train
SYN-02919,905,train
SYN-02920,906,train
SYN-02921,1263,train
SYN-02922,3264,test
SYN-02923,36,train
SYN-02924,4230,train
SYN-02925,907,test
SYN-02926,991,train
SYN-02927,370,train
SYN-02928,908,validation
SYN-02929,909,train
SYN-02930,910,validation
SYN-02931,2194,validation
SYN-02932,911,test
SYN-02933,912,train
SYN-02934,2897,train
SYN-02935,3850,test
SYN-02936,913,validation
SYN-02937,914,train
SYN-02938,915,train
SYN-02939,36,train
SYN-02940,3797,train
SYN-02941,2319,train
SYN-02942,2452,train
SYN-02943,36,train
SYN-02944,240,validation
SYN-02945,4045,train
SYN-02946,2032,train
SYN-02947,916,train
SYN-02948,1153,train
SYN-02949,917,train
SYN-02950,918,train
SYN-02951,200,train
SYN-02952,3797,train
SYN-02953,4553,test
SYN-02954,919,test
SYN-02955,3189,validation
SYN-02956,368,train
SYN-02957,3807,train
SYN-02958,2482,test
SYN-02959,3244,train
SYN-02960,3249,train
SYN-02961,920,test
SYN-02962,2452,train
SYN-02963,921,test
SYN-02964,922,train
SYN-02965,3495,train
SYN-02966,2811,train
SYN-02967,923,test
SYN-02968,924,validation
SYN-02969,925,train
SYN-02970,926,train
SYN-02971,927,train
SYN-02972,928,train
SYN-02973,36,train
SYN-02974,929,train
SYN-02975,1190,train
SYN-02976,930,train
SYN-02977,1369,train
SYN-02978,3189,validation
SYN-02979,1330,train
SYN-02980,931,train
SYN-02981,4417,train
SYN-02982,932,train
SYN-02983,933,train
SYN-02984,934,test
SYN-02985,4043,train
SYN-02986,935,train
SYN-02987,936,train
SYN-02988,1330,train
SYN-02989,937,train
SYN-02990,1190,train
SYN-02991,49,train
SYN-02992,938,train
SYN-02993,472,train
SYN-02994,939,test
SYN-02995,940,train
SYN-02996,3495,train
SYN-02997,3244,train
SYN-02998,2135,train
SYN-02999,3244,train
SYN-03000,941,train
SYN-03001,942,train
SYN-03002,343,train
SYN-03003,943,train
SYN-03004,944,validation
SYN-03005,200,train
SYN-03006,3797,train
SYN-03007,3599,train
SYN-03008,945,train
SYN-03009,3264,test
SYN-03010,946,test
SYN-03011,947,train
SYN-03012,948,train
SYN-03013,949,train
SYN-03014,950,train
SYN-03015,951,train
SYN-03016,3471,validation
SYN-03017,952,train
SYN-03018,3580,train
SYN-03019,2313,test
SYN-03020,3388,test
SYN-03021,3538,train
SYN-03022,953,train
SYN-03023,954,test
SYN-03024,955,train
SYN-03025,472,train
SYN-03026,956,train
SYN-03027,1264,train
SYN-03028,3471,validation
SYN-03029,957,test
SYN-03030,780,train
SYN-03031,1330,train
SYN-03032,958,train
SYN-03033,959,train
SYN-03034,960,train
SYN-03035,3838,train
SYN-03036,3189,validation
SYN-03037,961,test
SYN-03038,3344,validation
SYN-03039,962,train
SYN-03040,963,train
SYN-03041,964,train
SYN-03042,965,test
SYN-03043,3249,train
SYN-03044,966,train
SYN-03045,1801,train
SYN-03046,967,validation
SYN-03047,968,train
SYN-03048,655,train
SYN-03049,969,train
SYN-03050,2193,train
SYN-03051,321,train
SYN-03052,1689,validation
SYN-03053,970,validation
SYN-03054,105,validation
SYN-03055,1668,test
SYN-03056,971,train
SYN-03057,1263,train
SYN-03058,972,train
SYN-03059,2135,train
SYN-03060,973,train
SYN-03061,974,train
SYN-03062,3797,train
SYN-03063,975,train
SYN-03064,2117,train
SYN-03065,646,train
SYN-03066,2369,train
SYN-03067,976,train
SYN-03068,240,validation
SYN-03069,2301,train
SYN-03070,4281,test
SYN-03071,2426,train
SYN-03072,977,train
SYN-03073,978,train
SYN-03074,36,train
SYN-03075,3661,train
SYN-03076,195,train
SYN-03077,979,train
SYN-03078,4257,train
SYN-03079,2369,train
SYN-03080,3189,validation
SYN-03081,36,train
SYN-03082,2605,train
SYN-03083,980,train
SYN-03084,981,train
SYN-03085,4045,train
SYN-03086,72,train
SYN-03087,982,validation
SYN-03088,983,train
SYN-03089,3580,train
SYN-03090,3487,train
SYN-03091,4045,train
SYN-03092,984,validation
SYN-03093,2032,train
SYN-03094,3625,train
SYN-03095,985,train
SYN-03096,2436,train
SYN-03097,1889,train
SYN-03098,986,train
SYN-03099,36,train
SYN-03100,987,train
SYN-03101,988,train
SYN-03102,3728,train
SYN-03103,2437,test
SYN-03104,989,train
SYN-03105,990,train
SYN-03106,4008,train
SYN-03107,3731,test
SYN-03108,991,train
SYN-03109,992,train
SYN-03110,1960,train
SYN-03111,993,train
SYN-03112,1330,train
SYN-03113,994,train
SYN-03114,3797,train
SYN-03115,2482,test
SYN-03116,995,train
SYN-03117,996,test
SYN-03118,3399,train
SYN-03119,997,train
SYN-03120,93,train
SYN-03121,3787,train
SYN-03122,998,train
SYN-03123,999,train
SYN-03124,1000,test
SYN-03125,3572,validation
SYN-03126,472,train
SYN-03127,991,train
SYN-03128,1001,train
SYN-03129,1002,test
SYN-03130,1003,test
SYN-03131,3471,validation
SYN-03132,2565,train
SYN-03133,1004,train
SYN-03134,1005,test
SYN-03135,752,train
SYN-03136,1006,train
SYN-03137,3675,validation
SYN-03138,2833,validation
SYN-03139,3471,validation
SYN-03140,3797,train
SYN-03141,991,train
SYN-03142,3407,train
SYN-03143,668,train
SYN-03144,1007,validation
SYN-03145,3800,validation
SYN-03146,1008,train
SYN-03147,1009,train
SYN-03148,1010,test
SYN-03149,1011,train
SYN-03150,1012,validation
SYN-03151,1013,train
SYN-03152,1014,train
SYN-03153,634,train
SYN-03154,3189,validation
SYN-03155,1015,train
SYN-03156,1016,train
SYN-03157,3580,train
SYN-03158,1017,train
SYN-03159,1018,train
SYN-03160,1019,validation
SYN-03161,1020,train
SYN-03162,1021,train
SYN-03163,1022,train
SYN-03164,1190,train
SYN-03165,472,train
SYN-03166,1023,train
SYN-03167,1024,train
SYN-03168,1025,train
SYN-03169,1061,test
SYN-03170,4008,train
SYN-03171,1026,train
SYN-03172,1027,train
SYN-03173,4529,train
SYN-03174,1028,validation
SYN-03175,298,validation
SYN-03176,1029,train
SYN-03177,1330,train
SYN-03178,1030,validation
SYN-03179,650,train
SYN-03180,1031,train
SYN-03181,3021,train
SYN-03182,36,train
SYN-03183,1032,train
SYN-03184,1033,test
SYN-03185,1190,train
SYN-03186,2032,train
SYN-03187,185,test
SYN-03188,3021,train
SYN-03189,3021,train
SYN-03190,1034,train
SYN-03191,3779,test
SYN-03192,2327,train
SYN-03193,1585,train
SYN-03194,1035,train
SYN-03195,1036,train
SYN-03196,472,train
SYN-03197,1037,train
SYN-03198,2482,test
SYN-03199,36,train
SYN-03200,3447,validation
SYN-03201,4263,train
SYN-03202,1038,test
SYN-03203,1263,train
SYN-03204,19,train
SYN-03205,1039,train
SYN-03206,1040,validation
SYN-03207,3797,train
SYN-03208,1041,train
SYN-03209,1042,train
SYN-03210,3244,train
SYN-03211,179,validation
SYN-03212,19,train
SYN-03213,1043,train
SYN-03214,2482,test
SYN-03215,1003,test
SYN-03216,3797,train
SYN-03217,991,train
SYN-03218,265,train
SYN-03219,1044,train
SYN-03220,1045,train
SYN-03221,1046,train
SYN-03222,3759,train
SYN-03223,1047,train
SYN-03224,1532,train
SYN-03225,1264,train
SYN-03226,1048,train
SYN-03227,102,train
SYN-03228,1049,train
SYN-03229,1050,validation
SYN-03230,634,train
SYN-03231,1051,train
SYN-03232,1052,train
SYN-03233,3495,train
SYN-03234,3244,train
SYN-03235,1053,test
SYN-03236,1054,train
SYN-03237,3740,train
SYN-03238,1055,train
SYN-03239,1056,train
SYN-03240,1057,train
SYN-03241,3797,train
SYN-03242,2032,train
SYN-03243,1058,test
SYN-03244,1059,train
SYN-03245,336,train
SYN-03246,813,test
SYN-03247,3471,validation
SYN-03248,1060,train
SYN-03249,523,validation
SYN-03250,1061,test
SYN-03251,1330,train
SYN-03252,3344,validation
SYN-03253,1571,test
SYN-03254,1062,train
SYN-03255,36,train
SYN-03256,3386,train
SYN-03257,36,train
SYN-03258,1063,train
SYN-03259,2032,train
SYN-03260,3257,train
SYN-03261,1064,train
SYN-03262,1065,train
SYN-03263,2032,train
SYN-03264,49,train
SYN-03265,1066,train
SYN-03266,36,train
SYN-03267,4064,train
SYN-03268,1067,train
SYN-03269,1068,train
SYN-03270,1069,train
SYN-03271,1070,train
SYN-03272,1071,validation
SYN-03273,1072,train
SYN-03274,2327,train
SYN-03275,3087,train
SYN-03276,4045,train
SYN-03277,1073,train
SYN-03278,863,test
SYN-03279,4572,validation
SYN-03280,1074,train
SYN-03281,1075,validation
SYN-03282,1076,train
SYN-03283,4255,train
SYN-03284,1077,train
SYN-03285,1078,train
SYN-03286,680,validation
SYN-03287,1079,train
SYN-03288,1080,train
SYN-03289,1081,train
SYN-03290,1082,train
SYN-03291,3495,train
SYN-03292,3937,train
SYN-03293,3580,train
SYN-03294,472,train
SYN-03295,1083,test
SYN-03296,36,train
SYN-03297,1084,train
SYN-03298,1085,validation
SYN-03299,1086,validation
SYN-03300,1087,train
SYN-03301,2079,train
SYN-03302,3580,train
SYN-03303,49,train
SYN-03304,1088,train
SYN-03305,1089,train
SYN-03306,2999,train
SYN-03307,3021,train
SYN-03308,1090,train
SYN-03309,1091,train
SYN-03310,4263,train
SYN-03311,1092,validation
SYN-03312,4355,validation
SYN-03313,1093,train
SYN-03314,1094,validation
SYN-03315,1095,train
SYN-03316,3471,validation
SYN-03317,2999,train
SYN-03318,1096,test
SYN-03319,1097,train
SYN-03320,1098,train
SYN-03321,1018,train
SYN-03322,1099,validation
SYN-03323,36,train
SYN-03324,36,train
SYN-03325,1100,test
SYN-03326,1101,train
SYN-03327,200,train
SYN-03328,1102,train
SYN-03329,1103,train
SYN-03330,3189,validation
SYN-03331,1104,test
SYN-03332,200,train
SYN-03333,3495,train
SYN-03334,2213,test
SYN-03335,1105,validation
SYN-03336,1106,train
SYN-03337,1107,test
SYN-03338,1108,train
SYN-03339,1109,train
SYN-03340,634,train
SYN-03341,2032,train
SYN-03342,3580,train
SYN-03343,3344,validation
SYN-03344,1110,train
SYN-03345,1111,test
SYN-03346,1112,train
SYN-03347,3360,train
SYN-03348,1113,train
SYN-03349,1114,train
SYN-03350,1115,validation
SYN-03351,3557,test
SYN-03352,36,train
SYN-03353,3797,train
SYN-03354,36,train
SYN-03355,273,train
SYN-03356,1116,validation
SYN-03357,1117,train
SYN-03358,1118,train
SYN-03359,3495,train
SYN-03360,786,train
SYN-03361,1263,train
SYN-03362,36,train
SYN-03363,2999,train
SYN-03364,1119,validation
SYN-03365,1120,validation
SYN-03366,3630,train
SYN-03367,1121,train
SYN-03368,3603,train
SYN-03369,1122,train
SYN-03370,3205,train
SYN-03371,1123,test
SYN-03372,1124,train
SYN-03373,1125,train
SYN-03374,265,train
SYN-03375,1126,validation
SYN-03376,794,train
SYN-03377,1127,train
SYN-03378,3580,train
SYN-03379,4045,train
SYN-03380,4043,train
SYN-03381,472,train
SYN-03382,200,train
SYN-03383,49,train
SYN-03384,1128,train
SYN-03385,1190,train
SYN-03386,200,train
SYN-03387,1129,train
SYN-03388,1018,train
SYN-03389,752,train
SYN-03390,1130,train
SYN-03391,3580,train
SYN-03392,1131,train
SYN-03393,1132,test
SYN-03394,2032,train
SYN-03395,1891,test
SYN-03396,1133,train
SYN-03397,428,test
SYN-03398,2079,train
SYN-03399,1134,train
SYN-03400,1135,train
SYN-03401,200,train
SYN-03402,472,train
SYN-03403,1136,validation
SYN-03404,1137,validation
SYN-03405,2482,test
SYN-03406,2313,test
SYN-03407,1138,validation
SYN-03408,1139,validation
SYN-03409,991,train
SYN-03410,1140,train
SYN-03411,1141,train
SYN-03412,1142,validation
SYN-03413,1143,train
SYN-03414,1144,train
SYN-03415,49,train
SYN-03416,1485,train
SYN-03417,1263,train
SYN-03418,1145,train
SYN-03419,1146,train
SYN-03420,1190,train
SYN-03421,3513,train
SYN-03422,2369,train
SYN-03423,1147,train
SYN-03424,1831,test
SYN-03425,1148,validation
SYN-03426,2135,train
SYN-03427,502,train
SYN-03428,1149,test
SYN-03429,2482,test
SYN-03430,333,train
SYN-03431,1150,validation
SYN-03432,1831,test
SYN-03433,1151,train
SYN-03434,2482,test
SYN-03435,3264,test
SYN-03436,200,train
SYN-03437,343,train
SYN-03438,1152,train
SYN-03439,504,validation
SYN-03440,4064,train
SYN-03441,3560,train
SYN-03442,991,train
SYN-03443,2452,train
SYN-03444,1153,train
SYN-03445,298,validation
SYN-03446,1154,validation
SYN-03447,3189,validation
SYN-03448,1155,train
SYN-03449,1156,test
SYN-03450,200,train
SYN-03451,2032,train
SYN-03452,1157,validation
SYN-03453,1158,test
SYN-03454,1159,train
SYN-03455,3189,validation
SYN-03456,1160,test
SYN-03457,1161,train
SYN-03458,1162,validation
SYN-03459,1163,train
SYN-03460,3244,train
SYN-03461,3139,train
SYN-03462,1164,test
SYN-03463,1165,validation
SYN-03464,1166,train
SYN-03465,200,train
SYN-03466,1167,train
SYN-03467,1168,train
SYN-03468,1169,train
SYN-03469,316,train
SYN-03470,1170,train
SYN-03471,1171,validation
SYN-03472,3244,train
SYN-03473,2032,train
SYN-03474,3060,test
SYN-03475,1172,train
SYN-03476,1173,train
SYN-03477,3966,train
SYN-03478,36,train
SYN-03479,3495,train
SYN-03480,3386,train
SYN-03481,1174,train
SYN-03482,2327,train
SYN-03483,1175,test
SYN-03484,1176,train
SYN-03485,1488,train
SYN-03486,1177,test
SYN-03487,195,train
SYN-03488,1178,train
SYN-03489,200,train
SYN-03490,1179,validation
SYN-03491,1180,train
SYN-03492,3580,train
SYN-03493,1181,train
SYN-03494,1182,test
SYN-03495,646,train
SYN-03496,1183,test
SYN-03497,794,train
SYN-03498,1184,test
SYN-03499,1061,test
SYN-03500,1190,train
SYN-03501,1185,train
SYN-03502,1186,train
SYN-03503,1187,train
SYN-03504,2999,train
SYN-03505,1188,train
SYN-03506,1189,train
SYN-03507,1190,train
SYN-03508,472,train
SYN-03509,1191,train
SYN-03510,4043,train
SYN-03511,1192,train
SYN-03512,1193,train
SYN-03513,3344,validation
SYN-03514,1194,validation
SYN-03515,1195,train
SYN-03516,49,train
SYN-03517,2335,train
SYN-03518,1196,train
SYN-03519,1190,train
SYN-03520,4064,train
SYN-03521,1197,train
SYN-03522,472,train
SYN-03523,2586,train
SYN-03524,19,train
SYN-03525,1198,validation
SYN-03526,1199,validation
SYN-03527,2437,test
SYN-03528,2135,train
SYN-03529,1439,train
SYN-03530,112,test
SYN-03531,1200,train
SYN-03532,15,test
SYN-03533,1201,train
SYN-03534,1202,test
SYN-03535,1203,test
SYN-03536,1204,train
SYN-03537,736,train
SYN-03538,195,train
SYN-03539,1205,train
SYN-03540,2999,train
SYN-03541,2452,train
SYN-03542,49,train
SYN-03543,4064,train
SYN-03544,1206,validation
SYN-03545,1018,train
SYN-03546,102,train
SYN-03547,1207,train
SYN-03548,1208,validation
SYN-03549,1209,train
SYN-03550,679,train
SYN-03551,3819,validation
SYN-03552,2313,test
SYN-03553,1210,train
SYN-03554,1211,validation
SYN-03555,1212,train
SYN-03556,794,train
SYN-03557,1213,train
SYN-03558,1214,test
SYN-03559,239,train
SYN-03560,1215,train
SYN-03561,2032,train
SYN-03562,1153,train
SYN-03563,1216,train
SYN-03564,634,train
SYN-03565,3189,validation
SYN-03566,1460,train
SYN-03567,634,train
SYN-03568,1217,train
SYN-03569,1218,train
SYN-03570,1219,train
SYN-03571,4008,train
SYN-03572,1220,train
SYN-03573,1221,validation
SYN-03574,646,train
SYN-03575,1222,train
SYN-03576,1223,test
SYN-03577,599,train
SYN-03578,4343,validation
SYN-03579,1224,train
SYN-03580,4008,train
SYN-03581,644,test
SYN-03582,1061,test
SYN-03583,1225,train
SYN-03584,1330,train
SYN-03585,1226,train
SYN-03586,200,train
SYN-03587,1227,train
SYN-03588,1228,train
SYN-03589,1941,train
SYN-03590,1330,train
SYN-03591,3971,train
SYN-03592,1229,validation
SYN-03593,1230,train
SYN-03594,472,train
SYN-03595,1190,train
SYN-03596,1231,train
SYN-03597,2811,train
SYN-03598,786,train
SYN-03599,3797,train
SYN-03600,2117,train
SYN-03601,1232,test
SYN-03602,182,train
SYN-03603,1233,train
SYN-03604,1234,train
SYN-03605,1235,train
SYN-03606,265,train
SYN-03607,1236,train
SYN-03608,991,train
SYN-03609,1237,train
SYN-03610,1238,train
SYN-03611,2032,train
SYN-03612,239,train
SYN-03613,3572,validation
SYN-03614,1190,train
SYN-03615,1239,train
SYN-03616,1240,train
SYN-03617,1190,train
SYN-03618,2431,train
SYN-03619,3244,train
SYN-03620,1220,train
SYN-03621,1241,train
SYN-03622,2988,test
SYN-03623,1220,train
SYN-03624,343,train
SYN-03625,1242,train
SYN-03626,1243,test
SYN-03627,1244,train
SYN-03628,1245,validation
SYN-03629,1246,train
SYN-03630,1247,validation
SYN-03631,4124,train
SYN-03632,2495,train
SYN-03633,1248,validation
SYN-03634,1249,train
SYN-03635,4355,validation
SYN-03636,1250,train
SYN-03637,200,train
SYN-03638,2032,train
SYN-03639,1251,train
SYN-03640,2579,train
SYN-03641,1252,test
SYN-03642,1253,train
SYN-03643,4459,train
SYN-03644,3797,train
SYN-03645,1889,train
SYN-03646,1254,train
SYN-03647,1255,train
SYN-03648,1330,train
SYN-03649,1256,test
SYN-03650,1831,test
SYN-03651,1257,test
SYN-03652,1258,test
SYN-03653,306,validation
SYN-03654,1259,train
SYN-03655,4440,train
SYN-03656,3478,train
SYN-03657,1260,train
SYN-03658,3007,test
SYN-03659,1261,test
SYN-03660,1262,train
SYN-03661,1263,train
SYN-03662,2319,train
SYN-03663,1264,train
SYN-03664,1265,validation
SYN-03665,4130,train
SYN-03666,1266,train
SYN-03667,21,train
SYN-03668,2327,train
SYN-03669,1267,train
SYN-03670,1268,validation
SYN-03671,4186,train
SYN-03672,4138,train
SYN-03673,3797,train
SYN-03674,1269,train
SYN-03675,3244,train
SYN-03676,1270,train
SYN-03677,1271,validation
SYN-03678,1272,train
SYN-03679,1273,train
SYN-03680,1274,train
SYN-03681,1275,train
SYN-03682,1276,train
SYN-03683,3194,train
SYN-03684,1330,train
SYN-03685,1277,test
SYN-03686,3808,validation
SYN-03687,298,validation
SYN-03688,249,train
SYN-03689,1278,train
SYN-03690,1264,train
SYN-03691,3189,validation
SYN-03692,1396,validation
SYN-03693,3653,validation
SYN-03694,1279,train
SYN-03695,1280,train
SYN-03696,1281,test
SYN-03697,4264,train
SYN-03698,3120,train
SYN-03699,794,train
SYN-03700,1282,validation
SYN-03701,1283,test
SYN-03702,1284,validation
SYN-03703,1285,train
SYN-03704,1330,train
SYN-03705,634,train
SYN-03706,1286,train
SYN-03707,1287,train
SYN-03708,3495,train
SYN-03709,1288,train
SYN-03710,3570,train
SYN-03711,1264,train
SYN-03712,1289,train
SYN-03713,1290,validation
SYN-03714,1291,train
SYN-03715,1292,train
SYN-03716,867,train
SYN-03717,3471,validation
SYN-03718,1293,validation
SYN-03719,1294,validation
SYN-03720,3495,train
SYN-03721,3797,train
SYN-03722,4008,train
SYN-03723,885,train
SYN-03724,3021,train
SYN-03725,4355,validation
SYN-03726,3854,train
SYN-03727,1295,validation
SYN-03728,4309,train
SYN-03729,1296,train
SYN-03730,1297,test
SYN-03731,262,train
SYN-03732,1298,validation
SYN-03733,1299,train
SYN-03734,49,train
SYN-03735,1300,train
SYN-03736,1301,train
SYN-03737,2897,train
SYN-03738,1937,train
SYN-03739,1302,train
SYN-03740,1303,train
SYN-03741,1304,train
SYN-03742,1305,validation
SYN-03743,1306,train
SYN-03744,1307,validation
SYN-03745,946,test
SYN-03746,1718,train
SYN-03747,1308,train
SYN-03748,1309,train
SYN-03749,2482,test
SYN-03750,3344,validation
SYN-03751,213,validation
SYN-03752,991,train
SYN-03753,1310,test
SYN-03754,991,train
SYN-03755,1311,train
SYN-03756,1312,validation
SYN-03757,49,train
SYN-03758,1313,test
SYN-03759,1314,train
SYN-03760,1863,validation
SYN-03761,36,train
SYN-03762,1315,train
SYN-03763,4291,train
SYN-03764,1316,validation
SYN-03765,3669,train
SYN-03766,1317,train
SYN-03767,3189,validation
SYN-03768,1318,test
SYN-03769,1319,train
SYN-03770,1320,train
SYN-03771,298,validation
SYN-03772,1321,test
SYN-03773,36,train
SYN-03774,1322,train
SYN-03775,1323,train
SYN-03776,1324,validation
SYN-03777,904,train
SYN-03778,3797,train
SYN-03779,1325,train
SYN-03780,1326,train
SYN-03781,1327,test
SYN-03782,4263,train
SYN-03783,1328,train
SYN-03784,1329,train
SYN-03785,1264,train
SYN-03786,1330,train
SYN-03787,3189,validation
SYN-03788,1331,train
SYN-03789,602,train
SYN-03790,1003,test
SYN-03791,1332,validation
SYN-03792,1333,train
SYN-03793,1334,train
SYN-03794,2482,test
SYN-03795,216,train
SYN-03796,379,train
SYN-03797,3060,test
SYN-03798,1335,train
SYN-03799,1336,test
SYN-03800,1337,test
SYN-03801,200,train
SYN-03802,1237,train
SYN-03803,36,train
SYN-03804,428,test
SYN-03805,1338,train
SYN-03806,1448,train
SYN-03807,1330,train
SYN-03808,634,train
SYN-03809,684,test
SYN-03810,262,train
SYN-03811,4045,train
SYN-03812,4289,train
SYN-03813,1339,validation
SYN-03814,3584,train
SYN-03815,472,train
SYN-03816,1340,train
SYN-03817,19,train
SYN-03818,200,train
SYN-03819,4008,train
SYN-03820,2032,train
SYN-03821,1803,train
SYN-03822,1341,validation
SYN-03823,1718,train
SYN-03824,2482,test
SYN-03825,1263,train
SYN-03826,1342,test
SYN-03827,4045,train
SYN-03828,1343,train
SYN-03829,3021,train
SYN-03830,1190,train
SYN-03831,1344,train
SYN-03832,1345,train
SYN-03833,1346,train
SYN-03834,3797,train
SYN-03835,1107,test
SYN-03836,3495,train
SYN-03837,733,train
SYN-03838,1347,train
SYN-03839,1348,train
SYN-03840,3607,train
SYN-03841,1349,train
SYN-03842,239,train
SYN-03843,1237,train
SYN-03844,1350,train
SYN-03845,1351,train
SYN-03846,1352,train
SYN-03847,1330,train
SYN-03848,1353,test
SYN-03849,644,test
SYN-03850,93,train
SYN-03851,1190,train
SYN-03852,3344,validation
SYN-03853,239,train
SYN-03854,3045,test
SYN-03855,4104,validation
SYN-03856,93,train
SYN-03857,937,train
SYN-03858,1354,test
SYN-03859,1355,train
SYN-03860,1356,train
SYN-03861,4076,test
SYN-03862,1357,test
SYN-03863,36,train
SYN-03864,954,test
SYN-03865,1358,train
SYN-03866,2079,train
SYN-03867,1359,validation
SYN-03868,1264,train
SYN-03869,1360,train
SYN-03870,185,test
SYN-03871,1361,validation
SYN-03872,1362,train
SYN-03873,4008,train
SYN-03874,1363,test
SYN-03875,1190,train
SYN-03876,49,train
SYN-03877,3580,train
SYN-03878,3344,validation
SYN-03879,3189,validation
SYN-03880,1364,train
SYN-03881,3503,train
SYN-03882,2512,validation
SYN-03883,3881,train
SYN-03884,1365,train
SYN-03885,1366,train
SYN-03886,3189,validation
SYN-03887,2999,train
SYN-03888,1367,train
SYN-03889,3580,train
SYN-03890,1368,train
SYN-03891,1369,train
SYN-03892,3189,validation
SYN-03893,1370,validation
SYN-03894,4045,train
SYN-03895,1371,train
SYN-03896,36,train
SYN-03897,1372,validation
SYN-03898,1373,train
SYN-03899,3471,validation
SYN-03900,1374,train
SYN-03901,1375,train
SYN-03902,3249,train
SYN-03903,2135,train
SYN-03904,2313,test
SYN-03905,2032,train
SYN-03906,3797,train
SYN-03907,1376,train
SYN-03908,3945,train
SYN-03909,1377,train
SYN-03910,361,validation
SYN-03911,2527,train
SYN-03912,82,train
SYN-03913,1378,train
SYN-03914,1153,train
SYN-03915,634,train
SYN-03916,977,train
SYN-03917,3580,train
SYN-03918,1379,train
SYN-03919,1380,train
SYN-03920,1381,train
SYN-03921,1382,validation
SYN-03922,1395,train
SYN-03923,1383,train
SYN-03924,2032,train
SYN-03925,10,test
SYN-03926,1384,train
SYN-03927,1385,train
SYN-03928,3610,train
SYN-03929,1386,train
SYN-03930,1387,train
SYN-03931,2999,train
SYN-03932,1388,train
SYN-03933,991,train
SYN-03934,3244,train
SYN-03935,3495,train
SYN-03936,1389,train
SYN-03937,1030,validation
SYN-03938,1390,train
SYN-03939,1391,train
SYN-03940,3797,train
SYN-03941,1392,train
SYN-03942,3797,train
SYN-03943,1393,train
SYN-03944,3572,validation
SYN-03945,29,test
SYN-03946,1394,train
SYN-03947,1395,train
SYN-03948,1396,validation
SYN-03949,50,validation
SYN-03950,1397,train
SYN-03951,1263,train
SYN-03952,1398,train
SYN-03953,472,train
SYN-03954,1190,train
SYN-03955,184,test
SYN-03956,1399,train
SYN-03957,2032,train
SYN-03958,1400,train
SYN-03959,1190,train
SYN-03960,171,train
SYN-03961,102,train
SYN-03962,1401,train
SYN-03963,1402,train
SYN-03964,1403,test
SYN-03965,1404,validation
SYN-03966,2727,test
SYN-03967,1405,validation
SYN-03968,102,train
SYN-03969,1406,train
SYN-03970,781,train
SYN-03971,2032,train
SYN-03972,4253,train
SYN-03973,2999,train
SYN-03974,1407,train
SYN-03975,1408,validation
SYN-03976,1330,train
SYN-03977,1409,train
SYN-03978,634,train
SYN-03979,1410,train
SYN-03980,1330,train
SYN-03981,4064,train
SYN-03982,1411,train
SYN-03983,4196,train
SYN-03984,1412,train
SYN-03985,977,train
SYN-03986,4304,train
SYN-03987,3797,train
SYN-03988,3819,validation
SYN-03989,3244,train
SYN-03990,2117,train
SYN-03991,634,train
SYN-03992,1413,test
SYN-03993,181,train
SYN-03994,1414,train
SYN-03995,1415,train
SYN-03996,1153,train
SYN-03997,2032,train
SYN-03998,1416,train
SYN-03999,93,train
SYN-04000,93,train
SYN-04001,1417,train
SYN-04002,1418,train
SYN-04003,270,train
SYN-04004,1419,train
SYN-04005,1420,validation
SYN-04006,1421,train
SYN-04007,3580,train
SYN-04008,19,train
SYN-04009,991,train
SYN-04010,3181,train
SYN-04011,794,train
SYN-04012,1422,validation
SYN-04013,1423,train
SYN-04014,472,train
SYN-04015,3189,validation
SYN-04016,1249,train
SYN-04017,3386,train
SYN-04018,4045,train
SYN-04019,1424,train
SYN-04020,1425,train
SYN-04021,36,train
SYN-04022,3471,validation
SYN-04023,1426,train
SYN-04024,3244,train
SYN-04025,1427,test
SYN-04026,1000,test
SYN-04027,1428,test
SYN-04028,1429,test
SYN-04029,1153,train
SYN-04030,1430,validation
SYN-04031,3495,train
SYN-04032,1853,train
SYN-04033,1431,validation
SYN-04034,1432,train
SYN-04035,2135,train
SYN-04036,4153,validation
SYN-04037,1433,train
SYN-04038,794,train
SYN-04039,1434,train
SYN-04040,1435,train
SYN-04041,1436,test
SYN-04042,1437,train
SYN-04043,3826,train
SYN-04044,3264,test
SYN-04045,2369,train
SYN-04046,3264,test
SYN-04047,1438,train
SYN-04048,1439,train
SYN-04049,4008,train
SYN-04050,1440,train
SYN-04051,3797,train
SYN-04052,1441,train
SYN-04053,239,train
SYN-04054,1442,test
SYN-04055,4263,train
SYN-04056,2032,train
SYN-04057,1443,validation
SYN-04058,1444,train
SYN-04059,1445,test
SYN-04060,3580,train
SYN-04061,3495,train
SYN-04062,36,train
SYN-04063,1551,train
SYN-04064,3264,test
SYN-04065,1446,test
SYN-04066,1190,train
SYN-04067,1447,train
SYN-04068,1448,train
SYN-04069,200,train
SYN-04070,3580,train
SYN-04071,1449,train
SYN-04072,26,test
SYN-04073,634,train
SYN-04074,3580,train
SYN-04075,1450,test
SYN-04076,1857,train
SYN-04077,1451,train
SYN-04078,1452,train
SYN-04079,1453,test
SYN-04080,1454,validation
SYN-04081,2079,train
SYN-04082,1455,train
SYN-04083,1456,train
SYN-04084,4045,train
SYN-04085,1457,test
SYN-04086,252,train
SYN-04087,2032,train
SYN-04088,3244,train
SYN-04089,1458,test
SYN-04090,2032,train
SYN-04091,3797,train
SYN-04092,1459,train
SYN-04093,3579,train
SYN-04094,2811,train
SYN-04095,3244,train
SYN-04096,49,train
SYN-04097,1460,train
SYN-04098,1196,train
SYN-04099,1461,train
SYN-04100,634,train
SYN-04101,107,train
SYN-04102,4198,train
SYN-04103,991,train
SYN-04104,1462,train
SYN-04105,1463,validation
SYN-04106,1464,train
SYN-04107,1465,test
SYN-04108,1466,validation
SYN-04109,1467,train
SYN-04110,49,train
SYN-04111,1153,train
SYN-04112,2032,train
SYN-04113,1468,test
SYN-04114,2897,train
SYN-04115,1469,train
SYN-04116,2327,train
SYN-04117,1470,train
SYN-04118,1471,train
SYN-04119,1472,train
SYN-04120,1473,validation
SYN-04121,200,train
SYN-04122,1474,train
SYN-04123,1475,train
SYN-04124,794,train
SYN-04125,1476,train
SYN-04126,1190,train
SYN-04127,1477,train
SYN-04128,3580,train
SYN-04129,1478,test
SYN-04130,36,train
SYN-04131,200,train
SYN-04132,3257,train
SYN-04133,1479,train
SYN-04134,1480,train
SYN-04135,2896,train
SYN-04136,2157,train
SYN-04137,1481,train
SYN-04138,1482,train
SYN-04139,1483,validation
SYN-04140,1484,validation
SYN-04141,2999,train
SYN-04142,4043,train
SYN-04143,2285,test
SYN-04144,3189,validation
SYN-04145,1485,train
SYN-04146,2693,train
SYN-04147,1330,train
SYN-04148,3189,validation
SYN-04149,3323,test
SYN-04150,1486,train
SYN-04151,1487,train
SYN-04152,3021,train
SYN-04153,1488,train
SYN-04154,2897,train
SYN-04155,200,train
SYN-04156,1489,train
SYN-04157,1490,train
SYN-04158,1491,train
SYN-04159,1492,test
SYN-04160,1493,train
SYN-04161,50,validation
SYN-04162,7,train
SYN-04163,1494,train
SYN-04164,19,train
SYN-04165,4304,train
SYN-04166,1330,train
SYN-04167,1495,train
SYN-04168,1679,train
SYN-04169,1496,train
SYN-04170,2135,train
SYN-04171,200,train
SYN-04172,1330,train
SYN-04173,1497,validation
SYN-04174,2945,train
SYN-04175,1498,train
SYN-04176,1499,validation
SYN-04177,3344,validation
SYN-04178,1500,train
SYN-04179,1501,train
SYN-04180,3797,train
SYN-04181,1502,train
SYN-04182,1503,test
SYN-04183,49,train
SYN-04184,1504,train
SYN-04185,1505,train
SYN-04186,1506,validation
SYN-04187,1129,train
SYN-04188,1507,train
SYN-04189,1508,test
SYN-04190,1509,train
SYN-04191,1510,train
SYN-04192,200,train
SYN-04193,1511,train
SYN-04194,1512,train
SYN-04195,1513,train
SYN-04196,2999,train
SYN-04197,3580,train
SYN-04198,991,train
SYN-04199,646,train
SYN-04200,1514,validation
SYN-04201,1515,validation
SYN-04202,1516,test
SYN-04203,1517,test
SYN-04204,752,train
SYN-04205,1518,validation
SYN-04206,646,train
SYN-04207,1190,train
SYN-04208,3189,validation
SYN-04209,1061,test
SYN-04210,1519,train
SYN-04211,1181,train
SYN-04212,1520,train
SYN-04213,3822,train
SYN-04214,3244,train
SYN-04215,625,train
SYN-04216,472,train
SYN-04217,36,train
SYN-04218,1521,train
SYN-04219,1522,train
SYN-04220,2327,train
SYN-04221,1523,train
SYN-04222,1524,train
SYN-04223,343,train
SYN-04224,3731,test
SYN-04225,1525,validation
SYN-04226,3189,validation
SYN-04227,1526,train
SYN-04228,3386,train
SYN-04229,3241,test
SYN-04230,93,train
SYN-04231,736,train
SYN-04232,1527,test
SYN-04233,1528,train
SYN-04234,3189,validation
SYN-04235,1529,train
SYN-04236,1530,train
SYN-04237,2327,train
SYN-04238,200,train
SYN-04239,1531,train
SYN-04240,1532,train
SYN-04241,3344,validation
SYN-04242,472,train
SYN-04243,2032,train
SYN-04244,3183,train
SYN-04245,1533,train
SYN-04246,200,train
SYN-04247,1602,train
SYN-04248,2790,test
SYN-04249,1534,train
SYN-04250,855,train
SYN-04251,3344,validation
SYN-04252,2032,train
SYN-04253,1535,train
SYN-04254,1536,validation
SYN-04255,1537,train
SYN-04256,1538,validation
SYN-04257,49,train
SYN-04258,1539,test
SYN-04259,813,test
SYN-04260,634,train
SYN-04261,1540,train
SYN-04262,1541,train
SYN-04263,3021,train
SYN-04264,1764,train
SYN-04265,1542,train
SYN-04266,1543,test
SYN-04267,2369,train
SYN-04268,1544,train
SYN-04269,93,train
SYN-04270,1545,train
SYN-04271,2088,train
SYN-04272,1546,train
SYN-04273,2079,train
SYN-04274,1547,train
SYN-04275,1404,validation
SYN-04276,2301,train
SYN-04277,3099,train
SYN-04278,786,train
SYN-04279,1548,train
SYN-04280,1066,train
SYN-04281,3189,validation
SYN-04282,1549,train
SYN-04283,1550,validation
SYN-04284,646,train
SYN-04285,1042,train
SYN-04286,4045,train
SYN-04287,1190,train
SYN-04288,1551,train
SYN-04289,1552,train
SYN-04290,1553,train
SYN-04291,3471,validation
SYN-04292,1011,train
SYN-04293,1554,validation
SYN-04294,4064,train
SYN-04295,200,train
SYN-04296,2077,train
SYN-04297,1230,train
SYN-04298,991,train
SYN-04299,1555,train
SYN-04300,1556,train
SYN-04301,1557,train
SYN-04302,3625,train
SYN-04303,1558,train
SYN-04304,3344,validation
SYN-04305,1559,validation
SYN-04306,1560,train
SYN-04307,2327,train
SYN-04308,3580,train
SYN-04309,1561,validation
SYN-04310,634,train
SYN-04311,2964,validation
SYN-04312,1153,train
SYN-04313,752,train
SYN-04314,569,train
SYN-04315,3797,train
SYN-04316,1562,train
SYN-04317,1563,train
SYN-04318,1564,test
SYN-04319,3487,train
SYN-04320,1565,train
SYN-04321,1125,train
SYN-04322,49,train
SYN-04323,1566,train
SYN-04324,991,train
SYN-04325,3021,train
SYN-04326,1567,train
SYN-04327,3797,train
SYN-04328,185,test
SYN-04329,1568,train
SYN-04330,1569,train
SYN-04331,3386,train
SYN-04332,1570,validation
SYN-04333,1571,test
SYN-04334,1572,train
SYN-04335,1573,train
SYN-04336,551,train
SYN-04337,43,validation
SYN-04338,1574,train
SYN-04339,1575,train
SYN-04340,2874,train
SYN-04341,1576,validation
SYN-04342,1330,train
SYN-04343,1577,validation
SYN-04344,1578,train
SYN-04345,1579,train
SYN-04346,1580,test
SYN-04347,4335,train
SYN-04348,991,train
SYN-04349,730,train
SYN-04350,1581,train
SYN-04351,1582,train
SYN-04352,2676,test
SYN-04353,1583,train
SYN-04354,1584,train
SYN-04355,36,train
SYN-04356,1585,train
SYN-04357,2032,train
SYN-04358,1586,validation
SYN-04359,1587,train
SYN-04360,3189,validation
SYN-04361,3264,test
SYN-04362,2032,train
SYN-04363,4263,train
SYN-04364,472,train
SYN-04365,4345,train
SYN-04366,1588,train
SYN-04367,991,train
SYN-04368,1589,test
SYN-04369,1590,train
SYN-04370,3264,test
SYN-04371,1591,train
SYN-04372,947,train
SYN-04373,1592,train
SYN-04374,1593,train
SYN-04375,1594,train
SYN-04376,2079,train
SYN-04377,2212,train
SYN-04378,1595,train
SYN-04379,1596,validation
SYN-04380,1597,train
SYN-04381,2568,validation
SYN-04382,93,train
SYN-04383,2313,test
SYN-04384,1125,train
SYN-04385,3675,validation
SYN-04386,2079,train
SYN-04387,4043,train
SYN-04388,1598,train
SYN-04389,200,train
SYN-04390,2790,test
SYN-04391,239,train
SYN-04392,1599,train
SYN-04393,3580,train
SYN-04394,1600,train
SYN-04395,1601,train
SYN-04396,1602,train
SYN-04397,1603,train
SYN-04398,1604,train
SYN-04399,733,train
SYN-04400,1605,train
SYN-04401,36,train
SYN-04402,3264,test
SYN-04403,1606,train
SYN-04404,1607,train
SYN-04405,794,train
SYN-04406,1608,train
SYN-04407,19,train
SYN-04408,379,train
SYN-04409,1609,validation
SYN-04410,1610,train
SYN-04411,3797,train
SYN-04412,2032,train
SYN-04413,1611,train
SYN-04414,1612,train
SYN-04415,786,train
SYN-04416,1613,train
SYN-04417,1330,train
SYN-04418,2452,train
SYN-04419,3797,train
SYN-04420,4045,train
SYN-04421,1526,train
SYN-04422,1614,train
SYN-04423,1615,train
SYN-04424,1616,train
SYN-04425,3021,train
SYN-04426,1617,train
SYN-04427,3189,validation
SYN-04428,1618,test
SYN-04429,1619,train
SYN-04430,1620,train
SYN-04431,3264,test
SYN-04432,991,train
SYN-04433,1621,train
SYN-04434,3575,train
SYN-04435,1622,train
SYN-04436,1831,test
SYN-04437,1623,train
SYN-04438,1624,test
SYN-04439,1625,validation
SYN-04440,1330,train
SYN-04441,1626,validation
SYN-04442,1627,train
SYN-04443,1628,validation
SYN-04444,472,train
SYN-04445,2079,train
SYN-04446,4043,train
SYN-04447,1629,test
SYN-04448,1630,train
SYN-04449,49,train
SYN-04450,1631,validation
SYN-04451,472,train
SYN-04452,1632,train
SYN-04453,3797,train
SYN-04454,1633,validation
SYN-04455,19,train
SYN-04456,4144,train
SYN-04457,1634,validation
SYN-04458,1635,train
SYN-04459,991,train
SYN-04460,1636,train
SYN-04461,1637,train
SYN-04462,692,train
SYN-04463,1638,validation
SYN-04464,1639,train
SYN-04465,1640,train
SYN-04466,1641,train
SYN-04467,3787,train
SYN-04468,1642,train
SYN-04469,1643,train
SYN-04470,1644,test
SYN-04471,4008,train
SYN-04472,1645,train
SYN-04473,3923,train
SYN-04474,1646,train
SYN-04475,1647,train
SYN-04476,1061,test
SYN-04477,19,train
SYN-04478,1125,train
SYN-04479,1648,train
SYN-04480,1330,train
SYN-04481,239,train
SYN-04482,200,train
SYN-04483,1330,train
SYN-04484,1649,validation
SYN-04485,1650,validation
SYN-04486,405,train
SYN-04487,2032,train
SYN-04488,1651,test
SYN-04489,1652,train
SYN-04490,1653,train
SYN-04491,3344,validation
SYN-04492,2527,train
SYN-04493,4045,train
SYN-04494,1654,test
SYN-04495,1655,train
SYN-04496,3495,train
SYN-04497,2032,train
SYN-04498,3580,train
SYN-04499,263,train
SYN-04500,3021,train
SYN-04501,1656,train
SYN-04502,1657,train
SYN-04503,4217,validation
SYN-04504,1658,validation
SYN-04505,1659,train
SYN-04506,1928,train
SYN-04507,2032,train
SYN-04508,794,train
SYN-04509,794,train
SYN-04510,49,train
SYN-04511,1660,test
SYN-04512,200,train
SYN-04513,1661,train
SYN-04514,1662,train
SYN-04515,3407,train
SYN-04516,1061,test
SYN-04517,1663,train
SYN-04518,2566,validation
SYN-04519,200,train
SYN-04520,200,train
SYN-04521,1664,validation
SYN-04522,3249,train
SYN-04523,2482,test
SYN-04524,1665,train
SYN-04525,1666,validation
SYN-04526,262,train
SYN-04527,1667,test
SYN-04528,1668,test
SYN-04529,2404,validation
SYN-04530,1669,train
SYN-04531,2779,train
SYN-04532,36,train
SYN-04533,2771,train
SYN-04534,1670,test
SYN-04535,1671,train
SYN-04536,2079,train
SYN-04537,1672,train
SYN-04538,2482,test
SYN-04539,1673,train
SYN-04540,1190,train
SYN-04541,3189,validation
SYN-04542,4285,train
SYN-04543,1674,validation
SYN-04544,991,train
SYN-04545,3649,test
SYN-04546,298,validation
SYN-04547,2482,test
SYN-04548,1220,train
SYN-04549,924,validation
SYN-04550,1675,train
SYN-04551,354,test
SYN-04552,1676,train
SYN-04553,1677,test
SYN-04554,1678,train
SYN-04555,1831,test
SYN-04556,1679,train
SYN-04557,1680,validation
SYN-04558,1681,test
SYN-04559,752,train
SYN-04560,1682,train
SYN-04561,200,train
SYN-04562,2167,validation
SYN-04563,1683,validation
SYN-04564,1330,train
SYN-04565,1684,validation
SYN-04566,1685,train
SYN-04567,1686,train
SYN-04568,3471,validation
SYN-04569,1190,train
SYN-04570,1687,validation
SYN-04571,1061,test
SYN-04572,2790,test
SYN-04573,4064,train
SYN-04574,4043,train
SYN-04575,1688,train
SYN-04576,1689,validation
SYN-04577,1690,train
SYN-04578,3189,validation
SYN-04579,1691,validation
SYN-04580,634,train
SYN-04581,1190,train
SYN-04582,3021,train
SYN-04583,1153,train
SYN-04584,200,train
SYN-04585,343,train
SYN-04586,3189,validation
SYN-04587,786,train
SYN-04588,2575,validation
SYN-04589,1018,train
SYN-04590,2224,train
SYN-04591,2332,validation
SYN-04592,1692,validation
SYN-04593,4355,validation
SYN-04594,472,train
SYN-04595,1190,train
SYN-04596,102,train
SYN-04597,4043,train
SYN-04598,1693,train
SYN-04599,1694,validation
SYN-04600,3580,train
SYN-04601,1831,test
SYN-04602,1695,train
SYN-04603,1696,train
SYN-04604,1697,test
SYN-04605,3471,validation
SYN-04606,4335,train
SYN-04607,1698,train
SYN-04608,1699,train
SYN-04609,1762,train
SYN-04610,4289,train
SYN-04611,2117,train
SYN-04612,102,train
SYN-04613,1018,train
SYN-04614,928,train
SYN-04615,3249,train
SYN-04616,1700,test
SYN-04617,2032,train
SYN-04618,3264,test
SYN-04619,3495,train
SYN-04620,1701,train
SYN-04621,2313,test
SYN-04622,1702,train
SYN-04623,200,train
SYN-04624,3021,train
SYN-04625,1597,train
SYN-04626,1703,train
SYN-04627,2703,train
SYN-04628,1190,train
SYN-04629,3495,train
SYN-04630,1704,train
SYN-04631,3759,train
SYN-04632,1705,train
SYN-04633,1706,test
SYN-04634,1707,train
SYN-04635,1708,test
SYN-04636,1709,train
SYN-04637,1710,test
SYN-04638,1061,test
SYN-04639,3471,validation
SYN-04640,1711,test
SYN-04641,1712,train
SYN-04642,593,train
SYN-04643,1713,train
SYN-04644,2727,test
SYN-04645,1980,train
SYN-04646,2032,train
SYN-04647,1714,train
SYN-04648,2079,train
SYN-04649,3513,train
SYN-04650,3181,train
SYN-04651,1264,train
SYN-04652,735,validation
SYN-04653,1585,train
SYN-04654,1715,validation
SYN-04655,1716,train
SYN-04656,1717,train
SYN-04657,1190,train
SYN-04658,1190,train
SYN-04659,2032,train
SYN-04660,1955,train
SYN-04661,3249,train
SYN-04662,1718,train
SYN-04663,4355,validation
SYN-04664,1719,train
SYN-04665,3244,train
SYN-04666,1720,train
SYN-04667,1721,train
SYN-04668,1722,train
SYN-04669,1723,train
SYN-04670,1724,train
SYN-04671,1725,train
SYN-04672,2999,train
SYN-04673,1726,test
SYN-04674,472,train
SYN-04675,634,train
SYN-04676,1727,train
SYN-04677,1728,train
SYN-04678,1729,train
SYN-04679,3580,train
SYN-04680,634,train
SYN-04681,85,train
SYN-04682,1730,test
SYN-04683,1731,train
SYN-04684,1732,train
SYN-04685,1733,train
SYN-04686,1734,train
SYN-04687,1735,test
SYN-04688,2897,train
SYN-04689,3344,validation
SYN-04690,185,test
SYN-04691,1736,test
SYN-04692,1054,train
SYN-04693,49,train
SYN-04694,954,test
SYN-04695,1737,validation
SYN-04696,1738,validation
SYN-04697,2999,train
SYN-04698,1739,train
SYN-04699,3323,test
SYN-04700,1740,test
SYN-04701,3189,validation
SYN-04702,1741,train
SYN-04703,4045,train
SYN-04704,1742,test
SYN-04705,1743,train
SYN-04706,1744,train
SYN-04707,1745,train
SYN-04708,2999,train
SYN-04709,265,train
SYN-04710,786,train
SYN-04711,1746,train
SYN-04712,2032,train
SYN-04713,1747,train
SYN-04714,472,train
SYN-04715,1748,train
SYN-04716,1749,train
SYN-04717,1750,validation
SYN-04718,1751,train
SYN-04719,2949,test
SYN-04720,2032,train
SYN-04721,3060,test
SYN-04722,2436,train
SYN-04723,2349,train
SYN-04724,1752,train
SYN-04725,1319,train
SYN-04726,36,train
SYN-04727,1753,test
SYN-04728,1754,train
SYN-04729,991,train
SYN-04730,1755,test
SYN-04731,991,train
SYN-04732,1756,train
SYN-04733,4144,train
SYN-04734,2032,train
SYN-04735,49,train
SYN-04736,1757,train
SYN-04737,634,train
SYN-04738,3580,train
SYN-04739,1758,train
SYN-04740,271,test
SYN-04741,1759,train
SYN-04742,954,test
SYN-04743,1760,train
SYN-04744,1761,test
SYN-04745,3264,test
SYN-04746,1237,train
SYN-04747,3244,train
SYN-04748,2327,train
SYN-04749,200,train
SYN-04750,2032,train
SYN-04751,1762,train
SYN-04752,1763,train
SYN-04753,1764,train
SYN-04754,1375,train
SYN-04755,1765,train
SYN-04756,1766,train
SYN-04757,2032,train
SYN-04758,679,train
SYN-04759,4153,validation
SYN-04760,794,train
SYN-04761,1767,train
SYN-04762,1768,train
SYN-04763,4015,train
SYN-04764,1769,train
SYN-04765,3779,test
SYN-04766,4144,train
SYN-04767,3021,train
SYN-04768,644,test
SYN-04769,1770,train
SYN-04770,1718,train
SYN-04771,1771,train
SYN-04772,1772,train
SYN-04773,752,train
SYN-04774,3797,train
SYN-04775,3189,validation
SYN-04776,1773,train
SYN-04777,1774,train
SYN-04778,1775,validation
SYN-04779,2079,train
SYN-04780,4217,validation
SYN-04781,3244,train
SYN-04782,2805,train
SYN-04783,1776,train
SYN-04784,49,train
SYN-04785,1777,validation
SYN-04786,36,train
SYN-04787,1778,train
SYN-04788,1779,train
SYN-04789,2811,train
SYN-04790,1780,train
SYN-04791,1781,validation
SYN-04792,1782,train
SYN-04793,4043,train
SYN-04794,1302,train
SYN-04795,2032,train
SYN-04796,794,train
SYN-04797,1061,test
SYN-04798,1783,train
SYN-04799,1784,train
SYN-04800,3264,test
SYN-04801,49,train
SYN-04802,1785,train
SYN-04803,1786,train
SYN-04804,1787,train
SYN-04805,4382,train
SYN-04806,1788,train
SYN-04807,1789,train
SYN-04808,1790,train
SYN-04809,1583,train
SYN-04810,1791,train
SYN-04811,3797,train
SYN-04812,4263,train
SYN-04813,1792,validation
SYN-04814,1793,train
SYN-04815,2032,train
SYN-04816,1794,validation
SYN-04817,1263,train
SYN-04818,1795,train
SYN-04819,1796,train
SYN-04820,2032,train
SYN-04821,2079,train
SYN-04822,3912,train
SYN-04823,1797,test
SYN-04824,3744,test
SYN-04825,1798,train
SYN-04826,185,test
SYN-04827,1799,validation
SYN-04828,1190,train
SYN-04829,1800,train
SYN-04830,2032,train
SYN-04831,2541,validation
SYN-04832,1801,train
SYN-04833,1802,validation
SYN-04834,1803,train
SYN-04835,1804,train
SYN-04836,3264,test
SYN-04837,2313,test
SYN-04838,3556,train
SYN-04839,2032,train
SYN-04840,3495,train
SYN-04841,1805,train
SYN-04842,1018,train
SYN-04843,991,train
SYN-04844,1806,test
SYN-04845,1807,train
SYN-04846,1808,train
SYN-04847,1809,train
SYN-04848,1190,train
SYN-04849,634,train
SYN-04850,3272,train
SYN-04851,4064,train
SYN-04852,720,train
SYN-04853,3249,train
SYN-04854,1810,train
SYN-04855,1811,train
SYN-04856,1812,test
SYN-04857,49,train
SYN-04858,1813,test
SYN-04859,1814,train
SYN-04860,1815,train
SYN-04861,1816,train
SYN-04862,1817,train
SYN-04863,3189,validation
SYN-04864,634,train
SYN-04865,551,train
SYN-04866,1818,train
SYN-04867,3797,train
SYN-04868,4196,train
SYN-04869,1819,train
SYN-04870,1820,train
SYN-04871,1821,train
SYN-04872,4326,train
SYN-04873,19,train
SYN-04874,1822,train
SYN-04875,93,train
SYN-04876,2482,test
SYN-04877,1823,train
SYN-04878,1824,train
SYN-04879,1190,train
SYN-04880,1825,train
SYN-04881,1831,test
SYN-04882,472,train
SYN-04883,1826,train
SYN-04884,3189,validation
SYN-04885,1827,train
SYN-04886,1828,test
SYN-04887,1829,validation
SYN-04888,1830,test
SYN-04889,1,train
SYN-04890,2313,test
SYN-04891,1831,test
SYN-04892,1942,train
SYN-04893,1832,train
SYN-04894,3244,train
SYN-04895,2436,train
SYN-04896,1330,train
SYN-04897,1404,validation
SYN-04898,1833,validation
SYN-04899,3189,validation
SYN-04900,402,train
SYN-04901,1834,test
SYN-04902,1835,train
SYN-04903,1836,validation
SYN-04904,794,train
SYN-04905,1837,train
SYN-04906,2079,train
SYN-04907,1838,train
SYN-04908,3742,validation
SYN-04909,1263,train
SYN-04910,49,train
SYN-04911,1839,train
SYN-04912,4570,train
SYN-04913,3189,validation
SYN-04914,1840,train
SYN-04915,1841,train
SYN-04916,2482,test
SYN-04917,1190,train
SYN-04918,991,train
SYN-04919,200,train
SYN-04920,1842,train
SYN-04921,185,test
SYN-04922,3678,test
SYN-04923,1843,train
SYN-04924,1844,train
SYN-04925,2313,test
SYN-04926,49,train
SYN-04927,472,train
SYN-04928,3495,train
SYN-04929,1845,train
SYN-04930,3249,train
SYN-04931,239,train
SYN-04932,3570,train
SYN-04933,1846,test
SYN-04934,2032,train
SYN-04935,1847,train
SYN-04936,3580,train
SYN-04937,1848,train
SYN-04938,2584,train
SYN-04939,3264,test
SYN-04940,813,test
SYN-04941,1849,train
SYN-04942,1850,validation
SYN-04943,1851,train
SYN-04944,1852,train
SYN-04945,3742,validation
SYN-04946,3980,train
SYN-04947,2335,train
SYN-04948,3189,validation
SYN-04949,3580,train
SYN-04950,1107,test
SYN-04951,1853,train
SYN-04952,2327,train
SYN-04953,2369,train
SYN-04954,2079,train
SYN-04955,1854,train
SYN-04956,1855,train
SYN-04957,4559,train
SYN-04958,93,train
SYN-04959,343,train
SYN-04960,1856,validation
SYN-04961,2885,train
SYN-04962,1857,train
SYN-04963,3993,test
SYN-04964,4335,train
SYN-04965,1858,train
SYN-04966,3344,validation
SYN-04967,2482,test
SYN-04968,3971,train
SYN-04969,634,train
SYN-04970,1330,train
SYN-04971,1859,validation
SYN-04972,1330,train
SYN-04973,991,train
SYN-04974,1860,validation
SYN-04975,1330,train
SYN-04976,2482,test
SYN-04977,1861,train
SYN-04978,2482,test
SYN-04979,1862,train
SYN-04980,4555,train
SYN-04981,3021,train
SYN-04982,1863,validation
SYN-04983,1864,train
SYN-04984,102,train
SYN-04985,1865,validation
SYN-04986,1866,train
SYN-04987,1867,train
SYN-04988,239,train
SYN-04989,1868,train
SYN-04990,1869,train
SYN-04991,1870,test
SYN-04992,1871,test
SYN-04993,1872,train
SYN-04994,3877,validation
SYN-04995,1873,validation
SYN-04996,4045,train
SYN-04997,1125,train
SYN-04998,3528,train
SYN-04999,1874,train
SYN-05000,1875,train
SYN-05001,1263,train
SYN-05002,298,validation
SYN-05003,1876,train
SYN-05004,1877,train
SYN-05005,1878,test
SYN-05006,1879,test
SYN-05007,36,train
SYN-05008,1880,train
SYN-05009,1881,train
SYN-05010,1882,train
SYN-05011,2999,train
SYN-05012,1883,train
SYN-05013,3407,train
SYN-05014,1884,test
SYN-05015,910,validation
SYN-05016,1885,validation
SYN-05017,624,train
SYN-05018,1886,train
SYN-05019,1887,test
SYN-05020,1018,train
SYN-05021,3807,train
SYN-05022,1888,test
SYN-05023,1889,train
SYN-05024,1259,train
SYN-05025,1890,train
SYN-05026,2032,train
SYN-05027,1891,test
SYN-05028,1892,train
SYN-05029,93,train
SYN-05030,1893,train
SYN-05031,3344,validation
SYN-05032,1894,train
SYN-05033,634,train
SYN-05034,3797,train
SYN-05035,3264,test
SYN-05036,2482,test
SYN-05037,2999,train
SYN-05038,1895,test
SYN-05039,2369,train
SYN-05040,1896,train
SYN-05041,1897,train
SYN-05042,1898,train
SYN-05043,551,train
SYN-05044,1899,validation
SYN-05045,1900,test
SYN-05046,1712,train
SYN-05047,343,train
SYN-05048,1901,train
SYN-05049,677,train
SYN-05050,786,train
SYN-05051,1902,train
SYN-05052,1903,train
SYN-05053,3797,train
SYN-05054,4246,test
SYN-05055,3189,validation
SYN-05056,200,train
SYN-05057,1124,train
SYN-05058,1904,train
SYN-05059,3189,validation
SYN-05060,1476,train
SYN-05061,1905,test
SYN-05062,3244,train
SYN-05063,1906,test
SYN-05064,466,train
SYN-05065,2482,test
SYN-05066,1907,validation
SYN-05067,1908,validation
SYN-05068,4045,train
SYN-05069,2527,train
SYN-05070,3264,test
SYN-05071,1909,train
SYN-05072,1910,train
SYN-05073,3323,test
SYN-05074,1911,test
SYN-05075,4008,train
SYN-05076,1792,validation
SYN-05077,1912,train
SYN-05078,3249,train
SYN-05079,1913,train
SYN-05080,1914,train
SYN-05081,1915,validation
SYN-05082,1916,train
SYN-05083,1917,train
SYN-05084,2032,train
SYN-05085,3244,train
SYN-05086,1918,train
SYN-05087,1919,train
SYN-05088,2128,train
SYN-05089,4045,train
SYN-05090,3495,train
SYN-05091,630,train
SYN-05092,1920,train
SYN-05093,298,validation
SYN-05094,1524,train
SYN-05095,1921,train
SYN-05096,1922,validation
SYN-05097,1923,test
SYN-05098,2999,train
SYN-05099,200,train
SYN-05100,1924,train
SYN-05101,1925,test
SYN-05102,200,train
SYN-05103,1926,train
SYN-05104,1927,train
SYN-05105,1928,train
SYN-05106,1929,train
SYN-05107,1190,train
SYN-05108,36,train
SYN-05109,1190,train
SYN-05110,1930,train
SYN-05111,1931,test
SYN-05112,1932,validation
SYN-05113,1933,train
SYN-05114,3580,train
SYN-05115,1934,train
SYN-05116,1935,train
SYN-05117,1936,validation
SYN-05118,262,train
SYN-05119,3189,validation
SYN-05120,1937,train
SYN-05121,634,train
SYN-05122,3584,train
SYN-05123,1938,train
SYN-05124,551,train
SYN-05125,1939,train
SYN-05126,1940,train
SYN-05127,4263,train
SYN-05128,200,train
SYN-05129,4257,train
SYN-05130,2135,train
SYN-05131,1941,train
SYN-05132,2327,train
SYN-05133,1942,train
SYN-05134,1943,validation
SYN-05135,102,train
SYN-05136,1944,train
SYN-05137,1945,train
SYN-05138,1946,train
SYN-05139,2999,train
SYN-05140,1947,train
SYN-05141,3244,train
SYN-05142,36,train
SYN-05143,2117,train
SYN-05144,239,train
SYN-05145,1948,validation
SYN-05146,1949,train
SYN-05147,1950,train
SYN-05148,313,validation
SYN-05149,298,validation
SYN-05150,1951,train
SYN-05151,1952,train
SYN-05152,1953,train
SYN-05153,1954,train
SYN-05154,1955,train
SYN-05155,1956,train
SYN-05156,3277,test
SYN-05157,3021,train
SYN-05158,3249,train
SYN-05159,1957,train
SYN-05160,1585,train
SYN-05161,2482,test
SYN-05162,1831,test
SYN-05163,239,train
SYN-05164,2327,train
SYN-05165,1958,train
SYN-05166,1959,train
SYN-05167,1960,train
SYN-05168,2053,train
SYN-05169,200,train
SYN-05170,1961,train
SYN-05171,2032,train
SYN-05172,1962,test
SYN-05173,991,train
SYN-05174,2032,train
SYN-05175,1963,train
SYN-05176,1964,validation
SYN-05177,1965,train
SYN-05178,200,train
SYN-05179,36,train
SYN-05180,4366,train
SYN-05181,1966,test
SYN-05182,1967,train
SYN-05183,1968,train
SYN-05184,634,train
SYN-05185,1969,train
SYN-05186,4064,train
SYN-05187,1970,validation
SYN-05188,1971,train
SYN-05189,1972,train
SYN-05190,1973,train
SYN-05191,991,train
SYN-05192,4104,validation
SYN-05193,1974,train
SYN-05194,1975,test
SYN-05195,991,train
SYN-05196,1976,test
SYN-05197,1977,train
SYN-05198,1978,train
SYN-05199,3580,train
SYN-05200,1979,validation
SYN-05201,102,train
SYN-05202,1980,train
SYN-05203,1981,train
SYN-05204,2176,validation
SYN-05205,93,train
SYN-05206,991,train
SYN-05207,3471,validation
SYN-05208,458,test
SYN-05209,991,train
SYN-05210,1982,test
SYN-05211,67,train
SYN-05212,1983,train
SYN-05213,1984,train
SYN-05214,2369,train
SYN-05215,36,train
SYN-05216,893,train
SYN-05217,1985,train
SYN-05218,1836,validation
SYN-05219,1986,test
SYN-05220,19,train
SYN-05221,1330,train
SYN-05222,1987,validation
SYN-05223,1988,train
SYN-05224,3021,train
SYN-05225,1989,train
SYN-05226,1990,validation
SYN-05227,36,train
SYN-05228,460,validation
SYN-05229,1991,train
SYN-05230,1992,train
SYN-05231,4333,train
SYN-05232,3580,train
SYN-05233,3189,validation
SYN-05234,1993,test
SYN-05235,1994,train
SYN-05236,1995,train
SYN-05237,3264,test
SYN-05238,36,train
SYN-05239,1996,train
SYN-05240,1997,test
SYN-05241,1831,test
SYN-05242,1998,train
SYN-05243,472,train
SYN-05244,102,train
SYN-05245,1999,train
SYN-05246,4144,train
SYN-05247,19,train
SYN-05248,2000,train
SYN-05249,1634,validation
SYN-05250,3471,validation
SYN-05251,752,train
SYN-05252,2001,train
SYN-05253,991,train
SYN-05254,50,validation
SYN-05255,2002,train
SYN-05256,1153,train
SYN-05257,2839,train
SYN-05258,2003,train
SYN-05259,3189,validation
SYN-05260,2004,train
SYN-05261,2005,test
SYN-05262,2006,train
SYN-05263,87,validation
SYN-05264,2482,test
SYN-05265,2007,train
SYN-05266,36,train
SYN-05267,2008,validation
SYN-05268,2009,train
SYN-05269,3495,train
SYN-05270,2492,train
SYN-05271,4355,validation
SYN-05272,2482,test
SYN-05273,2313,test
SYN-05274,4045,train
SYN-05275,2010,train
SYN-05276,4263,train
SYN-05277,1330,train
SYN-05278,2482,test
SYN-05279,2011,train
SYN-05280,2012,test
SYN-05281,4153,validation
SYN-05282,2482,test
SYN-05283,2013,train
SYN-05284,2014,validation
SYN-05285,3495,train
SYN-05286,715,train
SYN-05287,4064,train
SYN-05288,3471,validation
SYN-05289,2999,train
SYN-05290,472,train
SYN-05291,2015,train
SYN-05292,102,train
SYN-05293,36,train
SYN-05294,1263,train
SYN-05295,2016,validation
SYN-05296,2017,train
SYN-05297,2018,train
SYN-05298,2019,train
SYN-05299,2020,train
SYN-05300,3797,train
SYN-05301,2021,train
SYN-05302,3244,train
SYN-05303,3797,train
SYN-05304,49,train
SYN-05305,991,train
SYN-05306,2022,train
SYN-05307,2023,test
SYN-05308,2024,validation
SYN-05309,2025,train
SYN-05310,2026,train
SYN-05311,2027,train
SYN-05312,1207,train
SYN-05313,813,test
SYN-05314,4043,train
SYN-05315,2028,validation
SYN-05316,2178,train
SYN-05317,2029,train
SYN-05318,2030,train
SYN-05319,3004,train
SYN-05320,2482,test
SYN-05321,1153,train
SYN-05322,185,test
SYN-05323,2031,train
SYN-05324,2079,train
SYN-05325,3580,train
SYN-05326,2032,train
SYN-05327,2033,test
SYN-05328,2034,validation
SYN-05329,2035,validation
SYN-05330,1190,train
SYN-05331,336,train
SYN-05332,2036,train
SYN-05333,2037,test
SYN-05334,4570,train
SYN-05335,428,test
SYN-05336,2038,train
SYN-05337,2039,train
SYN-05338,2040,train
SYN-05339,313,validation
SYN-05340,200,train
SYN-05341,3741,train
SYN-05342,2041,train
SYN-05343,130,train
SYN-05344,1190,train
SYN-05345,1831,test
SYN-05346,2042,test
SYN-05347,2999,train
SYN-05348,3244,train
SYN-05349,2043,test
SYN-05350,692,train
SYN-05351,2044,train
SYN-05352,2045,train
SYN-05353,2897,train
SYN-05354,2046,train
SYN-05355,837,train
SYN-05356,2047,train
SYN-05357,2048,train
SYN-05358,2049,validation
SYN-05359,2050,train
SYN-05360,2051,test
SYN-05361,4385,train
SYN-05362,185,test
SYN-05363,2052,validation
SYN-05364,3189,validation
SYN-05365,3570,train
SYN-05366,634,train
SYN-05367,2605,train
SYN-05368,2053,train
SYN-05369,2579,train
SYN-05370,4043,train
SYN-05371,3580,train
SYN-05372,3797,train
SYN-05373,3797,train
SYN-05374,2054,train
SYN-05375,4369,train
SYN-05376,2055,train
SYN-05377,1061,test
SYN-05378,2056,test
SYN-05379,2057,validation
SYN-05380,2058,validation
SYN-05381,1330,train
SYN-05382,2059,train
SYN-05383,2060,validation
SYN-05384,2061,train
SYN-05385,1438,train
SYN-05386,2062,train
SYN-05387,1061,test
SYN-05388,2063,train
SYN-05389,2064,train
SYN-05390,3819,validation
SYN-05391,3741,train
SYN-05392,3183,train
SYN-05393,2327,train
SYN-05394,93,train
SYN-05395,2032,train
SYN-05396,1190,train
SYN-05397,2065,train
SYN-05398,2066,train
SYN-05399,2067,train
SYN-05400,3344,validation
SYN-05401,2068,test
SYN-05402,2069,train
SYN-05403,2070,train
SYN-05404,2071,train
SYN-05405,2072,test
SYN-05406,200,train
SYN-05407,2073,test
SYN-05408,3264,test
SYN-05409,1492,test
SYN-05410,3797,train
SYN-05411,3412,train
SYN-05412,2074,train
SYN-05413,4434,train
SYN-05414,200,train
SYN-05415,2075,train
SYN-05416,2313,test
SYN-05417,2327,train
SYN-05418,3020,train
SYN-05419,924,validation
SYN-05420,1481,train
SYN-05421,634,train
SYN-05422,3918,train
SYN-05423,2076,test
SYN-05424,49,train
SYN-05425,2077,train
SYN-05426,2078,train
SYN-05427,2079,train
SYN-05428,200,train
SYN-05429,3021,train
SYN-05430,2080,validation
SYN-05431,2081,train
SYN-05432,200,train
SYN-05433,3471,validation
SYN-05434,1799,validation
SYN-05435,1190,train
SYN-05436,1330,train
SYN-05437,2082,train
SYN-05438,3021,train
SYN-05439,472,train
SYN-05440,1792,validation
SYN-05441,3328,train
SYN-05442,2482,test
SYN-05443,2083,train
SYN-05444,176,train
SYN-05445,2084,train
SYN-05446,2327,train
SYN-05447,2085,test
SYN-05448,2086,train
SYN-05449,2087,train
SYN-05450,2088,train
SYN-05451,2089,train
SYN-05452,2090,train
SYN-05453,2327,train
SYN-05454,2091,validation
SYN-05455,954,test
SYN-05456,2092,train
SYN-05457,49,train
SYN-05458,2093,test
SYN-05459,2094,validation
SYN-05460,2095,validation
SYN-05461,2308,train
SYN-05462,1208,validation
SYN-05463,200,train
SYN-05464,2096,test
SYN-05465,794,train
SYN-05466,3264,test
SYN-05467,3386,train
SYN-05468,2097,validation
SYN-05469,2098,train
SYN-05470,36,train
SYN-05471,2099,validation
SYN-05472,2100,train
SYN-05473,2101,validation
SYN-05474,2102,train
SYN-05475,3580,train
SYN-05476,3021,train
SYN-05477,2103,train
SYN-05478,2324,validation
SYN-05479,2104,test
SYN-05480,3439,test
SYN-05481,2105,validation
SYN-05482,2106,test
SYN-05483,2107,validation
SYN-05484,2108,train
SYN-05485,4281,test
SYN-05486,2109,train
SYN-05487,1018,train
SYN-05488,634,train
SYN-05489,3181,train
SYN-05490,4230,train
SYN-05491,2110,train
SYN-05492,794,train
SYN-05493,1190,train
SYN-05494,2111,train
SYN-05495,2585,train
SYN-05496,2945,train
SYN-05497,4263,train
SYN-05498,3189,validation
SYN-05499,2112,train
SYN-05500,794,train
SYN-05501,2113,train
SYN-05502,794,train
SYN-05503,3471,validation
SYN-05504,2114,train
SYN-05505,2115,validation
SYN-05506,2116,train
SYN-05507,3194,train
SYN-05508,2117,train
SYN-05509,239,train
SYN-05510,2999,train
SYN-05511,2118,train
SYN-05512,1190,train
SYN-05513,2119,train
SYN-05514,2120,train
SYN-05515,2032,train
SYN-05516,1255,train
SYN-05517,2121,test
SYN-05518,2327,train
SYN-05519,2122,train
SYN-05520,2123,train
SYN-05521,2715,train
SYN-05522,2124,test
SYN-05523,2125,train
SYN-05524,185,test
SYN-05525,402,train
SYN-05526,2126,train
SYN-05527,3471,validation
SYN-05528,2127,train
SYN-05529,2128,train
SYN-05530,3021,train
SYN-05531,2129,train
SYN-05532,2130,train
SYN-05533,1460,train
SYN-05534,2179,train
SYN-05535,2131,train
SYN-05536,2132,train
SYN-05537,694,train
SYN-05538,200,train
SYN-05539,298,validation
SYN-05540,2133,test
SYN-05541,4326,train
SYN-05542,2134,train
SYN-05543,1061,test
SYN-05544,2032,train
SYN-05545,3010,test
SYN-05546,2135,train
SYN-05547,2482,test
SYN-05548,4382,train
SYN-05549,3244,train
SYN-05550,2136,train
SYN-05551,2482,test
SYN-05552,3244,train
SYN-05553,3580,train
SYN-05554,1190,train
SYN-05555,2137,train
SYN-05556,2138,train
SYN-05557,1883,train
SYN-05558,2139,train
SYN-05559,3580,train
SYN-05560,2140,train
SYN-05561,3264,test
SYN-05562,239,train
SYN-05563,3244,train
SYN-05564,2439,train
SYN-05565,2141,train
SYN-05566,2142,test
SYN-05567,2143,train
SYN-05568,2144,train
SYN-05569,3386,train
SYN-05570,2145,train
SYN-05571,2787,train
SYN-05572,692,train
SYN-05573,2146,train
SYN-05574,2147,train
SYN-05575,2148,train
SYN-05576,1803,train
SYN-05577,634,train
SYN-05578,2897,train
SYN-05579,1889,train
SYN-05580,3607,train
SYN-05581,2149,validation
SYN-05582,36,train
SYN-05583,2150,train
SYN-05584,816,train
SYN-05585,2151,validation
SYN-05586,3244,train
SYN-05587,2152,train
SYN-05588,2153,validation
SYN-05589,2154,train
SYN-05590,2155,train
SYN-05591,4043,train
SYN-05592,4144,train
SYN-05593,2156,train
SYN-05594,2157,train
SYN-05595,2158,train
SYN-05596,2159,validation
SYN-05597,2160,train
SYN-05598,2161,train
SYN-05599,551,train
SYN-05600,2162,train
SYN-05601,1061,test
SYN-05602,265,train
SYN-05603,1330,train
SYN-05604,2163,validation
SYN-05605,200,train
SYN-05606,2164,train
SYN-05607,36,train
SYN-05608,2165,train
SYN-05609,472,train
SYN-05610,2032,train
SYN-05611,2166,train
SYN-05612,1330,train
SYN-05613,2369,train
SYN-05614,2167,validation
SYN-05615,3344,validation
SYN-05616,93,train
SYN-05617,1264,train
SYN-05618,2452,train
SYN-05619,2079,train
SYN-05620,1460,train
SYN-05621,2168,train
SYN-05622,2169,train
SYN-05623,2327,train
SYN-05624,3848,train
SYN-05625,2369,train
SYN-05626,1330,train
SYN-05627,2170,train
SYN-05628,646,train
SYN-05629,2171,train
SYN-05630,1264,train
SYN-05631,991,train
SYN-05632,1945,train
SYN-05633,4043,train
SYN-05634,1190,train
SYN-05635,2369,train
SYN-05636,2172,train
SYN-05637,1585,train
SYN-05638,3337,train
SYN-05639,2437,test
SYN-05640,3283,validation
SYN-05641,2173,test
SYN-05642,3244,train
SYN-05643,2174,train
SYN-05644,2175,test
SYN-05645,2176,validation
SYN-05646,2177,train
SYN-05647,2178,train
SYN-05648,991,train
SYN-05649,2179,train
SYN-05650,2180,validation
SYN-05651,2181,train
SYN-05652,2611,train
SYN-05653,189,train
SYN-05654,2182,train
SYN-05655,4325,test
SYN-05656,2183,train
SYN-05657,2184,test
SYN-05658,3344,validation
SYN-05659,630,train
SYN-05660,3388,test
SYN-05661,2185,train
SYN-05662,1330,train
SYN-05663,634,train
SYN-05664,2186,train
SYN-05665,36,train
SYN-05666,2187,train
SYN-05667,2188,train
SYN-05668,2189,train
SYN-05669,2190,test
SYN-05670,2191,validation
SYN-05671,1547,train
SYN-05672,2192,train
SYN-05673,2999,train
SYN-05674,239,train
SYN-05675,2193,train
SYN-05676,36,train
SYN-05677,3344,validation
SYN-05678,4043,train
SYN-05679,2194,validation
SYN-05680,3021,train
SYN-05681,551,train
SYN-05682,2495,train
SYN-05683,4043,train
SYN-05684,1190,train
SYN-05685,3599,train
SYN-05686,2195,train
SYN-05687,1330,train
SYN-05688,185,test
SYN-05689,2196,train
SYN-05690,1061,test
SYN-05691,991,train
SYN-05692,1264,train
SYN-05693,2197,train
SYN-05694,3495,train
SYN-05695,2198,train
SYN-05696,2199,train
SYN-05697,2200,test
SYN-05698,385,train
SYN-05699,2201,test
SYN-05700,2202,train
SYN-05701,239,train
SYN-05702,2203,train
SYN-05703,2204,train
SYN-05704,2205,train
SYN-05705,2206,validation
SYN-05706,2207,validation
SYN-05707,3797,train
SYN-05708,2208,validation
SYN-05709,2209,test
SYN-05710,2210,train
SYN-05711,200,train
SYN-05712,2211,validation
SYN-05713,2212,train
SYN-05714,487,test
SYN-05715,3323,test
SYN-05716,2213,test
SYN-05717,2214,validation
SYN-05718,1190,train
SYN-05719,4426,test
SYN-05720,200,train
SYN-05721,2327,train
SYN-05722,2215,train
SYN-05723,102,train
SYN-05724,2216,train
SYN-05725,67,train
SYN-05726,3244,train
SYN-05727,472,train
SYN-05728,36,train
SYN-05729,3244,train
SYN-05730,1927,train
SYN-05731,2217,test
SYN-05732,2218,train
SYN-05733,4355,validation
SYN-05734,4355,validation
SYN-05735,2219,test
SYN-05736,2220,train
SYN-05737,472,train
SYN-05738,1237,train
SYN-05739,1981,train
SYN-05740,2221,train
SYN-05741,2167,validation
SYN-05742,2222,train
SYN-05743,1434,train
SYN-05744,2223,train
SYN-05745,713,train
SYN-05746,2224,train
SYN-05747,2225,train
SYN-05748,2335,train
SYN-05749,679,train
SYN-05750,102,train
SYN-05751,2872,train
SYN-05752,2226,test
SYN-05753,2227,train
SYN-05754,2228,train
SYN-05755,3323,test
SYN-05756,49,train
SYN-05757,1330,train
SYN-05758,2229,train
SYN-05759,49,train
SYN-05760,4064,train
SYN-05761,49,train
SYN-05762,2230,train
SYN-05763,36,train
SYN-05764,4376,train
SYN-05765,3797,train
SYN-05766,4064,train
SYN-05767,2231,validation
SYN-05768,2232,validation
SYN-05769,443,train
SYN-05770,2437,test
SYN-05771,1107,test
SYN-05772,2233,train
SYN-05773,2234,validation
SYN-05774,2638,train
SYN-05775,2235,test
SYN-05776,2811,train
SYN-05777,2236,train
SYN-05778,2237,train
SYN-05779,2238,test
SYN-05780,4045,train
SYN-05781,2239,train
SYN-05782,36,train
SYN-05783,2240,train
SYN-05784,2241,test
SYN-05785,426,train
SYN-05786,2242,validation
SYN-05787,991,train
SYN-05788,2243,train
SYN-05789,1061,test
SYN-05790,2244,validation
SYN-05791,2245,test
SYN-05792,2246,train
SYN-05793,2247,train
SYN-05794,2248,validation
SYN-05795,2032,train
SYN-05796,4263,train
SYN-05797,3797,train
SYN-05798,2249,test
SYN-05799,3437,validation
SYN-05800,2999,train
SYN-05801,2250,validation
SYN-05802,36,train
SYN-05803,2251,train
SYN-05804,2252,validation
SYN-05805,36,train
SYN-05806,2253,train
SYN-05807,200,train
SYN-05808,752,train
SYN-05809,2727,test
SYN-05810,3580,train
SYN-05811,3797,train
SYN-05812,2254,train
SYN-05813,2255,train
SYN-05814,2110,train
SYN-05815,2313,test
SYN-05816,2256,train
SYN-05817,1237,train
SYN-05818,2257,train
SYN-05819,2258,train
SYN-05820,2259,train
SYN-05821,4104,validation
SYN-05822,2260,train
SYN-05823,2261,train
SYN-05824,1190,train
SYN-05825,85,train
SYN-05826,2262,train
SYN-05827,3580,train
SYN-05828,1718,train
SYN-05829,1263,train
SYN-05830,2263,train
SYN-05831,1741,train
SYN-05832,2264,train
SYN-05833,2800,train
SYN-05834,1190,train
SYN-05835,786,train
SYN-05836,2265,train
SYN-05837,2266,test
SYN-05838,2267,validation
SYN-05839,2268,test
SYN-05840,3139,train
SYN-05841,2412,validation
SYN-05842,2527,train
SYN-05843,2269,train
SYN-05844,2270,train
SYN-05845,2271,train
SYN-05846,3244,train
SYN-05847,2272,test
SYN-05848,4217,validation
SYN-05849,4042,train
SYN-05850,2437,test
SYN-05851,1061,test
SYN-05852,2273,train
SYN-05853,991,train
SYN-05854,2274,validation
SYN-05855,3244,train
SYN-05856,393,train
SYN-05857,2275,train
SYN-05858,2276,train
SYN-05859,2277,train
SYN-05860,1190,train
SYN-05861,1190,train
SYN-05862,2278,train
SYN-05863,2279,train
SYN-05864,2280,train
SYN-05865,2281,train
SYN-05866,2135,train
SYN-05867,2282,train
SYN-05868,1407,train
SYN-05869,1891,test
SYN-05870,3607,train
SYN-05871,200,train
SYN-05872,2283,train
SYN-05873,1018,train
SYN-05874,2284,train
SYN-05875,3189,validation
SYN-05876,3021,train
SYN-05877,2285,test
SYN-05878,2286,train
SYN-05879,1190,train
SYN-05880,2287,train
SYN-05881,2288,train
SYN-05882,2289,validation
SYN-05883,2290,train
SYN-05884,794,train
SYN-05885,2492,train
SYN-05886,200,train
SYN-05887,3021,train
SYN-05888,2291,train
SYN-05889,2082,train
SYN-05890,2327,train
SYN-05891,610,train
SYN-05892,4215,train
SYN-05893,3189,validation
SYN-05894,2135,train
SYN-05895,2292,validation
SYN-05896,2988,test
SYN-05897,2293,train
SYN-05898,2294,train
SYN-05899,1255,train
SYN-05900,4020,train
SYN-05901,3189,validation
SYN-05902,3495,train
SYN-05903,2295,test
SYN-05904,2296,train
SYN-05905,991,train
SYN-05906,2297,train
SYN-05907,2298,train
SYN-05908,1330,train
SYN-05909,1222,train
SYN-05910,2299,train
SYN-05911,1930,train
SYN-05912,2300,train
SYN-05913,2999,train
SYN-05914,752,train
SYN-05915,2301,train
SYN-05916,2302,train
SYN-05917,298,validation
SYN-05918,4424,train
SYN-05919,2303,train
SYN-05920,357,train
SYN-05921,49,train
SYN-05922,2304,train
SYN-05923,2305,train
SYN-05924,2032,train
SYN-05925,36,train
SYN-05926,991,train
SYN-05927,2306,train
SYN-05928,2307,train
SYN-05929,2308,train
SYN-05930,2999,train
SYN-05931,19,train
SYN-05932,2309,train
SYN-05933,2310,train
SYN-05934,3264,test
SYN-05935,2431,train
SYN-05936,3244,train
SYN-05937,2311,test
SYN-05938,2312,test
SYN-05939,2313,test
SYN-05940,2482,test
SYN-05941,1061,test
SYN-05942,2314,validation
SYN-05943,1594,train
SYN-05944,240,validation
SYN-05945,321,train
SYN-05946,2315,train
SYN-05947,2316,train
SYN-05948,10,test
SYN-05949,1981,train
SYN-05950,2317,train
SYN-05951,3998,validation
SYN-05952,1061,test
SYN-05953,3599,train
SYN-05954,2847,test
SYN-05955,2032,train
SYN-05956,1041,train
SYN-05957,4243,train
SYN-05958,2318,train
SYN-05959,2319,train
SYN-05960,2320,train
SYN-05961,2321,train
SYN-05962,3272,train
SYN-05963,4031,train
SYN-05964,1148,validation
SYN-05965,2322,test
SYN-05966,2323,train
SYN-05967,49,train
SYN-05968,2324,validation
SYN-05969,2325,validation
SYN-05970,3797,train
SYN-05971,2326,validation
SYN-05972,2327,train
SYN-05973,2328,test
SYN-05974,939,test
SYN-05975,2329,train
SYN-05976,2330,train
SYN-05977,2032,train
SYN-05978,242,train
SYN-05979,3580,train
SYN-05980,3471,validation
SYN-05981,1482,train
SYN-05982,2331,test
SYN-05983,1190,train
SYN-05984,154,train
SYN-05985,954,test
SYN-05986,2332,validation
SYN-05987,1960,train
SYN-05988,2333,train
SYN-05989,36,train
SYN-05990,794,train
SYN-05991,3610,train
SYN-05992,2702,test
SYN-05993,4499,train
SYN-05994,2334,train
SYN-05995,2335,train
SYN-05996,3087,train
SYN-05997,2336,train
SYN-05998,2337,train
SYN-05999,2999,train
SYN-06000,2338,train
SYN-06001,2339,train
SYN-06002,2340,train
SYN-06003,2341,train
SYN-06004,102,train
SYN-06005,2342,train
SYN-06006,2343,train
SYN-06007,3205,train
SYN-06008,3244,train
SYN-06009,634,train
SYN-06010,813,test
SYN-06011,2999,train
SYN-06012,189,train
SYN-06013,2344,validation
SYN-06014,36,train
SYN-06015,2345,train
SYN-06016,2346,train
SYN-06017,36,train
SYN-06018,3797,train
SYN-06019,2319,train
SYN-06020,4263,train
SYN-06021,2347,train
SYN-06022,199,train
SYN-06023,2348,validation
SYN-06024,2349,train
SYN-06025,4263,train
SYN-06026,4064,train
SYN-06027,2350,test
SYN-06028,2351,train
SYN-06029,3997,train
SYN-06030,2352,train
SYN-06031,2353,train
SYN-06032,200,train
SYN-06033,200,train
SYN-06034,2927,train
SYN-06035,3580,train
SYN-06036,3850,test
SYN-06037,2354,validation
SYN-06038,1948,validation
SYN-06039,2355,train
SYN-06040,2356,train
SYN-06041,3189,validation
SYN-06042,2357,train
SYN-06043,4045,train
SYN-06044,2358,validation
SYN-06045,200,train
SYN-06046,2079,train
SYN-06047,2359,test
SYN-06048,2360,train
SYN-06049,2361,validation
SYN-06050,2362,train
SYN-06051,2363,test
SYN-06052,2364,test
SYN-06053,3495,train
SYN-06054,3344,validation
SYN-06055,1125,train
SYN-06056,2365,test
SYN-06057,2366,test
SYN-06058,2367,train
SYN-06059,2368,test
SYN-06060,991,train
SYN-06061,2369,train
SYN-06062,794,train
SYN-06063,3797,train
SYN-06064,3580,train
SYN-06065,102,train
SYN-06066,3057,train
SYN-06067,4243,train
SYN-06068,2370,train
SYN-06069,2585,train
SYN-06070,2371,train
SYN-06071,2372,train
SYN-06072,2373,test
SYN-06073,539,test
SYN-06074,4085,train
SYN-06075,265,train
SYN-06076,3986,train
SYN-06077,3580,train
SYN-06078,466,train
SYN-06079,2032,train
SYN-06080,3474,validation
SYN-06081,235,train
SYN-06082,733,train
SYN-06083,3495,train
SYN-06084,3189,validation
SYN-06085,3797,train
SYN-06086,2374,train
SYN-06087,3856,train
SYN-06088,200,train
SYN-06089,3925,train
SYN-06090,3150,validation
SYN-06091,2375,train
SYN-06092,2376,train
SYN-06093,2377,train
SYN-06094,1061,test
SYN-06095,2790,test
SYN-06096,2378,train
SYN-06097,34,train
SYN-06098,3186,test
SYN-06099,646,train
SYN-06100,472,train
SYN-06101,2379,validation
SYN-06102,472,train
SYN-06103,2380,train
SYN-06104,2381,train
SYN-06105,179,validation
SYN-06106,2082,train
SYN-06107,200,train
SYN-06108,2482,test
SYN-06109,2140,train
SYN-06110,3189,validation
SYN-06111,752,train
SYN-06112,1330,train
SYN-06113,19,train
SYN-06114,2032,train
SYN-06115,2382,train
SYN-06116,2383,train
SYN-06117,3580,train
SYN-06118,182,train
SYN-06119,2384,train
SYN-06120,3437,validation
SYN-06121,2999,train
SYN-06122,2385,train
SYN-06123,2386,train
SYN-06124,2387,train
SYN-06125,3797,train
SYN-06126,2388,train
SYN-06127,812,validation
SYN-06128,2389,train
SYN-06129,2390,train
SYN-06130,49,train
SYN-06131,298,validation
SYN-06132,2999,train
SYN-06133,2391,validation
SYN-06134,4045,train
SYN-06135,2897,train
SYN-06136,991,train
SYN-06137,1330,train
SYN-06138,200,train
SYN-06139,752,train
SYN-06140,2392,validation
SYN-06141,634,train
SYN-06142,2393,train
SYN-06143,102,train
SYN-06144,679,train
SYN-06145,3580,train
SYN-06146,2394,train
SYN-06147,4144,train
SYN-06148,1190,train
SYN-06149,991,train
SYN-06150,2395,train
SYN-06151,2396,train
SYN-06152,2397,test
SYN-06153,2398,test
SYN-06154,2327,train
SYN-06155,2399,train
SYN-06156,2400,train
SYN-06157,2401,test
SYN-06158,991,train
SYN-06159,2402,train
SYN-06160,2403,train
SYN-06161,4015,train
SYN-06162,991,train
SYN-06163,2404,validation
SYN-06164,640,train
SYN-06165,2032,train
SYN-06166,1061,test
SYN-06167,2327,train
SYN-06168,2405,train
SYN-06169,2406,test
SYN-06170,2407,train
SYN-06171,2408,train
SYN-06172,2409,train
SYN-06173,2410,train
SYN-06174,551,train
SYN-06175,3189,validation
SYN-06176,2411,train
SYN-06177,2412,validation
SYN-06178,2413,train
SYN-06179,2414,validation
SYN-06180,2415,train
SYN-06181,2079,train
SYN-06182,36,train
SYN-06183,3244,train
SYN-06184,2416,train
SYN-06185,794,train
SYN-06186,2417,test
SYN-06187,472,train
SYN-06188,1061,test
SYN-06189,1330,train
SYN-06190,3797,train
SYN-06191,991,train
SYN-06192,4281,test
SYN-06193,991,train
SYN-06194,2369,train
SYN-06195,2418,train
SYN-06196,794,train
SYN-06197,2419,train
SYN-06198,2420,train
SYN-06199,2369,train
SYN-06200,2421,train
SYN-06201,2422,validation
SYN-06202,2423,train
SYN-06203,4043,train
SYN-06204,2424,train
SYN-06205,3791,test
SYN-06206,2425,test
SYN-06207,1831,test
SYN-06208,2426,train
SYN-06209,200,train
SYN-06210,3580,train
SYN-06211,2427,train
SYN-06212,2428,train
SYN-06213,4361,test
SYN-06214,466,train
SYN-06215,2429,train
SYN-06216,185,test
SYN-06217,185,test
SYN-06218,1061,test
SYN-06219,3171,train
SYN-06220,1263,train
SYN-06221,4057,train
SYN-06222,239,train
SYN-06223,402,train
SYN-06224,3249,train
SYN-06225,3189,validation
SYN-06226,2430,test
SYN-06227,3244,train
SYN-06228,2032,train
SYN-06229,3797,train
SYN-06230,401,validation
SYN-06231,2431,train
SYN-06232,2313,test
SYN-06233,2432,train
SYN-06234,1237,train
SYN-06235,3807,train
SYN-06236,2433,test
SYN-06237,2434,test
SYN-06238,2435,validation
SYN-06239,2436,train
SYN-06240,1766,train
SYN-06241,262,train
SYN-06242,2437,test
SYN-06243,1330,train
SYN-06244,3580,train
SYN-06245,2438,train
SYN-06246,2439,train
SYN-06247,2440,train
SYN-06248,1801,train
SYN-06249,2441,train
SYN-06250,3189,validation
SYN-06251,3244,train
SYN-06252,3021,train
SYN-06253,130,train
SYN-06254,3797,train
SYN-06255,2442,train
SYN-06256,2443,train
SYN-06257,4559,train
SYN-06258,2444,test
SYN-06259,1190,train
SYN-06260,2445,train
SYN-06261,2446,train
SYN-06262,200,train
SYN-06263,3189,validation
SYN-06264,1190,train
SYN-06265,3021,train
SYN-06266,2032,train
SYN-06267,2447,test
SYN-06268,4459,train
SYN-06269,2448,train
SYN-06270,2449,train
SYN-06271,1263,train
SYN-06272,3189,validation
SYN-06273,130,train
SYN-06274,2450,validation
SYN-06275,2515,test
SYN-06276,2451,train
SYN-06277,2452,train
SYN-06278,2453,train
SYN-06279,3869,train
SYN-06280,2454,test
SYN-06281,2455,train
SYN-06282,1889,train
SYN-06283,2456,test
SYN-06284,3249,train
SYN-06285,3189,validation
SYN-06286,1330,train
SYN-06287,2457,train
SYN-06288,79,train
SYN-06289,2458,test
SYN-06290,2423,train
SYN-06291,2459,validation
SYN-06292,2460,train
SYN-06293,102,train
SYN-06294,2461,train
SYN-06295,3742,validation
SYN-06296,3249,train
SYN-06297,1330,train
SYN-06298,2837,test
SYN-06299,2462,train
SYN-06300,2313,test
SYN-06301,2507,train
SYN-06302,2463,validation
SYN-06303,2464,train
SYN-06304,2465,test
SYN-06305,200,train
SYN-06306,2466,train
SYN-06307,4276,train
SYN-06308,3189,validation
SYN-06309,2369,train
SYN-06310,2467,train
SYN-06311,2468,train
SYN-06312,2049,validation
SYN-06313,2469,train
SYN-06314,0,train
SYN-06315,3244,train
SYN-06316,1481,train
SYN-06317,1061,test
SYN-06318,200,train
SYN-06319,36,train
SYN-06320,239,train
SYN-06321,2470,test
SYN-06322,2471,validation
SYN-06323,2472,train
SYN-06324,2473,train
SYN-06325,1831,test
SYN-06326,2474,train
SYN-06327,189,train
SYN-06328,4361,test
SYN-06329,2032,train
SYN-06330,3580,train
SYN-06331,4008,train
SYN-06332,2475,train
SYN-06333,3386,train
SYN-06334,2476,train
SYN-06335,1330,train
SYN-06336,991,train
SYN-06337,3386,train
SYN-06338,3495,train
SYN-06339,2477,train
SYN-06340,49,train
SYN-06341,679,train
SYN-06342,2478,train
SYN-06343,49,train
SYN-06344,2479,validation
SYN-06345,1061,test
SYN-06346,2480,validation
SYN-06347,93,train
SYN-06348,2481,train
SYN-06349,298,validation
SYN-06350,4064,train
SYN-06351,2482,test
SYN-06352,4385,train
SYN-06353,3021,train
SYN-06354,328,train
SYN-06355,2483,train
SYN-06356,4043,train
SYN-06357,4008,train
SYN-06358,2484,train
SYN-06359,3344,validation
SYN-06360,2485,train
SYN-06361,3495,train
SYN-06362,2486,train
SYN-06363,2487,train
SYN-06364,794,train
SYN-06365,991,train
SYN-06366,1263,train
SYN-06367,2488,train
SYN-06368,2489,train
SYN-06369,2490,train
SYN-06370,2491,train
SYN-06371,3797,train
SYN-06372,2656,train
SYN-06373,2369,train
SYN-06374,36,train
SYN-06375,1330,train
SYN-06376,2492,train
SYN-06377,2493,train
SYN-06378,2494,test
SYN-06379,102,train
SYN-06380,4045,train
SYN-06381,2495,train
SYN-06382,3496,test
SYN-06383,2496,train
SYN-06384,2443,train
SYN-06385,794,train
SYN-06386,2285,test
SYN-06387,2497,train
SYN-06388,2498,train
SYN-06389,3021,train
SYN-06390,2499,test
SYN-06391,200,train
SYN-06392,2500,test
SYN-06393,3580,train
SYN-06394,3264,test
SYN-06395,2501,train
SYN-06396,2502,test
SYN-06397,2503,test
SYN-06398,2504,train
SYN-06399,2505,train
SYN-06400,2506,validation
SYN-06401,4064,train
SYN-06402,2507,train
SYN-06403,2508,test
SYN-06404,472,train
SYN-06405,2509,train
SYN-06406,2510,validation
SYN-06407,185,test
SYN-06408,2511,test
SYN-06409,4043,train
SYN-06410,2512,validation
SYN-06411,2513,validation
SYN-06412,2514,train
SYN-06413,1190,train
SYN-06414,1,train
SYN-06415,2515,test
SYN-06416,2516,validation
SYN-06417,2517,train
SYN-06418,93,train
SYN-06419,2518,train
SYN-06420,3181,train
SYN-06421,2527,train
SYN-06422,4064,train
SYN-06423,2519,train
SYN-06424,2520,test
SYN-06425,2605,train
SYN-06426,2521,train
SYN-06427,2522,test
SYN-06428,3244,train
SYN-06429,2523,test
SYN-06430,1609,validation
SYN-06431,1061,test
SYN-06432,2524,train
SYN-06433,2525,train
SYN-06434,3580,train
SYN-06435,2526,validation
SYN-06436,3797,train
SYN-06437,2032,train
SYN-06438,744,train
SYN-06439,2527,train
SYN-06440,2528,test
SYN-06441,3797,train
SYN-06442,3797,train
SYN-06443,2529,train
SYN-06444,1061,test
SYN-06445,2530,test
SYN-06446,2531,validation
SYN-06447,1395,train
SYN-06448,634,train
SYN-06449,1597,train
SYN-06450,2532,train
SYN-06451,3471,validation
SYN-06452,2533,train
SYN-06453,3797,train
SYN-06454,2534,train
SYN-06455,1585,train
SYN-06456,1255,train
SYN-06457,2535,train
SYN-06458,2536,train
SYN-06459,2537,test
SYN-06460,3021,train
SYN-06461,2538,train
SYN-06462,19,train
SYN-06463,794,train
SYN-06464,2999,train
SYN-06465,3344,validation
SYN-06466,1827,train
SYN-06467,200,train
SYN-06468,2539,validation
SYN-06469,2540,test
SYN-06470,2541,validation
SYN-06471,4366,train
SYN-06472,2790,test
SYN-06473,2542,validation
SYN-06474,2543,train
SYN-06475,2544,train
SYN-06476,3344,validation
SYN-06477,2545,train
SYN-06478,2546,validation
SYN-06479,1263,train
SYN-06480,794,train
SYN-06481,472,train
SYN-06482,3021,train
SYN-06483,2790,test
SYN-06484,1330,train
SYN-06485,2547,test
SYN-06486,2548,test
SYN-06487,3021,train
SYN-06488,2327,train
SYN-06489,2549,train
SYN-06490,2550,train
SYN-06491,472,train
SYN-06492,49,train
SYN-06493,2551,train
SYN-06494,2552,validation
SYN-06495,2553,train
SYN-06496,2554,train
SYN-06497,2555,train
SYN-06498,2079,train
SYN-06499,3580,train
SYN-06500,3495,train
SYN-06501,2556,train
SYN-06502,185,test
SYN-06503,2557,train
SYN-06504,102,train
SYN-06505,2327,train
SYN-06506,2558,train
SYN-06507,2559,train
SYN-06508,752,train
SYN-06509,2560,train
SYN-06510,2790,test
SYN-06511,2561,train
SYN-06512,2562,test
SYN-06513,3661,train
SYN-06514,2563,validation
SYN-06515,2564,train
SYN-06516,2565,train
SYN-06517,36,train
SYN-06518,2566,validation
SYN-06519,2567,train
SYN-06520,2568,validation
SYN-06521,1330,train
SYN-06522,2569,train
SYN-06523,2570,train
SYN-06524,36,train
SYN-06525,692,train
SYN-06526,2571,train
SYN-06527,2313,test
SYN-06528,3244,train
SYN-06529,2572,test
SYN-06530,2573,train
SYN-06531,36,train
SYN-06532,2032,train
SYN-06533,472,train
SYN-06534,2574,train
SYN-06535,2512,validation
SYN-06536,3560,train
SYN-06537,2575,validation
SYN-06538,978,train
SYN-06539,49,train
SYN-06540,2576,train
SYN-06541,3264,test
SYN-06542,200,train
SYN-06543,2404,validation
SYN-06544,1000,test
SYN-06545,2577,validation
SYN-06546,2578,train
SYN-06547,472,train
SYN-06548,2579,train
SYN-06549,2580,train
SYN-06550,2581,train
SYN-06551,2582,train
SYN-06552,2583,test
SYN-06553,2117,train
SYN-06554,4281,test
SYN-06555,249,train
SYN-06556,2584,train
SYN-06557,1238,train
SYN-06558,2585,train
SYN-06559,2586,train
SYN-06560,2587,train
SYN-06561,2482,test
SYN-06562,2588,train
SYN-06563,3495,train
SYN-06564,2589,train
SYN-06565,342,train
SYN-06566,2590,train
SYN-06567,1822,train
SYN-06568,991,train
SYN-06569,3580,train
SYN-06570,3590,validation
SYN-06571,2591,train
SYN-06572,2592,train
SYN-06573,2593,validation
SYN-06574,472,train
SYN-06575,2369,train
SYN-06576,1808,train
SYN-06577,19,train
SYN-06578,3264,test
SYN-06579,2594,train
SYN-06580,954,test
SYN-06581,3573,train
SYN-06582,2595,train
SYN-06583,249,train
SYN-06584,2596,validation
SYN-06585,794,train
SYN-06586,2597,validation
SYN-06587,3580,train
SYN-06588,36,train
SYN-06589,2598,train
SYN-06590,3189,validation
SYN-06591,49,train
SYN-06592,2599,train
SYN-06593,4124,train
SYN-06594,2600,train
SYN-06595,2601,train
SYN-06596,36,train
SYN-06597,2602,validation
SYN-06598,692,train
SYN-06599,2603,test
SYN-06600,991,train
SYN-06601,2604,test
SYN-06602,49,train
SYN-06603,4045,train
SYN-06604,4043,train
SYN-06605,2605,train
SYN-06606,2606,train
SYN-06607,2607,train
SYN-06608,2608,train
SYN-06609,2999,train
SYN-06610,2609,validation
SYN-06611,49,train
SYN-06612,1190,train
SYN-06613,2610,validation
SYN-06614,2086,train
SYN-06615,2313,test
SYN-06616,2611,train
SYN-06617,2482,test
SYN-06618,2612,validation
SYN-06619,2613,validation
SYN-06620,2614,validation
SYN-06621,2117,train
SYN-06622,1891,test
SYN-06623,2615,train
SYN-06624,3264,test
SYN-06625,3580,train
SYN-06626,2616,train
SYN-06627,2617,train
SYN-06628,2618,validation
SYN-06629,2619,test
SYN-06630,2620,validation
SYN-06631,49,train
SYN-06632,2621,train
SYN-06633,19,train
SYN-06634,466,train
SYN-06635,472,train
SYN-06636,184,test
SYN-06637,3797,train
SYN-06638,2622,train
SYN-06639,2623,train
SYN-06640,1190,train
SYN-06641,155,validation
SYN-06642,2624,test
SYN-06643,2032,train
SYN-06644,4064,train
SYN-06645,4366,train
SYN-06646,4270,train
SYN-06647,2625,train
SYN-06648,2626,test
SYN-06649,794,train
SYN-06650,2627,test
SYN-06651,2319,train
SYN-06652,2628,train
SYN-06653,3495,train
SYN-06654,185,test
SYN-06655,3797,train
SYN-06656,2862,train
SYN-06657,2032,train
SYN-06658,2629,train
SYN-06659,2630,train
SYN-06660,200,train
SYN-06661,2631,validation
SYN-06662,53,test
SYN-06663,2632,train
SYN-06664,336,train
SYN-06665,2633,test
SYN-06666,2634,train
SYN-06667,240,validation
SYN-06668,2635,train
SYN-06669,1264,train
SYN-06670,2636,validation
SYN-06671,2637,validation
SYN-06672,2638,train
SYN-06673,4064,train
SYN-06674,2639,test
SYN-06675,2032,train
SYN-06676,2640,train
SYN-06677,2641,train
SYN-06678,2642,validation
SYN-06679,2643,test
SYN-06680,2717,validation
SYN-06681,200,train
SYN-06682,2644,train
SYN-06683,2645,train
SYN-06684,2646,train
SYN-06685,3323,test
SYN-06686,3797,train
SYN-06687,3797,train
SYN-06688,102,train
SYN-06689,3021,train
SYN-06690,2647,test
SYN-06691,3189,validation
SYN-06692,36,train
SYN-06693,2648,train
SYN-06694,2649,validation
SYN-06695,472,train
SYN-06696,2650,train
SYN-06697,2651,train
SYN-06698,2652,validation
SYN-06699,3580,train
SYN-06700,2482,test
SYN-06701,2653,validation
SYN-06702,1018,train
SYN-06703,2654,train
SYN-06704,1153,train
SYN-06705,2319,train
SYN-06706,2655,train
SYN-06707,2656,train
SYN-06708,1230,train
SYN-06709,3264,test
SYN-06710,3064,train
SYN-06711,3495,train
SYN-06712,2657,train
SYN-06713,242,train
SYN-06714,2658,train
SYN-06715,2837,test
SYN-06716,1330,train
SYN-06717,2032,train
SYN-06718,2659,test
SYN-06719,2452,train
SYN-06720,906,train
SYN-06721,2660,test
SYN-06722,49,train
SYN-06723,2661,train
SYN-06724,4064,train
SYN-06725,185,test
SYN-06726,4045,train
SYN-06727,2662,test
SYN-06728,2663,train
SYN-06729,3189,validation
SYN-06730,2664,train
SYN-06731,2665,test
SYN-06732,2666,train
SYN-06733,2667,train
SYN-06734,2668,train
SYN-06735,1827,train
SYN-06736,2032,train
SYN-06737,2669,train
SYN-06738,2670,test
SYN-06739,2671,train
SYN-06740,200,train
SYN-06741,2672,train
SYN-06742,3731,test
SYN-06743,2673,validation
SYN-06744,991,train
SYN-06745,2674,train
SYN-06746,991,train
SYN-06747,2675,train
SYN-06748,2676,test
SYN-06749,2677,test
SYN-06750,2678,train
SYN-06751,63,validation
SYN-06752,2679,train
SYN-06753,2680,train
SYN-06754,1801,train
SYN-06755,1190,train
SYN-06756,2681,train
SYN-06757,2682,test
SYN-06758,2683,train
SYN-06759,2684,train
SYN-06760,36,train
SYN-06761,991,train
SYN-06762,3471,validation
SYN-06763,2685,validation
SYN-06764,2686,train
SYN-06765,1061,test
SYN-06766,2687,validation
SYN-06767,3797,train
SYN-06768,2688,test
SYN-06769,185,test
SYN-06770,1330,train
SYN-06771,2689,train
SYN-06772,2690,train
SYN-06773,4064,train
SYN-06774,2691,train
SYN-06775,2692,validation
SYN-06776,472,train
SYN-06777,3244,train
SYN-06778,2693,train
SYN-06779,2711,train
SYN-06780,200,train
SYN-06781,551,train
SYN-06782,2694,train
SYN-06783,2695,test
SYN-06784,185,test
SYN-06785,1330,train
SYN-06786,3386,train
SYN-06787,2696,train
SYN-06788,472,train
SYN-06789,3572,validation
SYN-06790,36,train
SYN-06791,1061,test
SYN-06792,1061,test
SYN-06793,2697,train
SYN-06794,4213,validation
SYN-06795,2698,train
SYN-06796,472,train
SYN-06797,2699,train
SYN-06798,2700,train
SYN-06799,2701,train
SYN-06800,1995,train
SYN-06801,2702,test
SYN-06802,3503,train
SYN-06803,1280,train
SYN-06804,19,train
SYN-06805,2703,train
SYN-06806,3189,validation
SYN-06807,36,train
SYN-06808,2704,train
SYN-06809,2705,validation
SYN-06810,2032,train
SYN-06811,2369,train
SYN-06812,2369,train
SYN-06813,2032,train
SYN-06814,1018,train
SYN-06815,1889,train
SYN-06816,2706,test
SYN-06817,2452,train
SYN-06818,49,train
SYN-06819,2707,train
SYN-06820,3264,test
SYN-06821,1485,train
SYN-06822,2708,train
SYN-06823,2709,train
SYN-06824,2710,test
SYN-06825,2711,train
SYN-06826,93,train
SYN-06827,2712,train
SYN-06828,1196,train
SYN-06829,2713,train
SYN-06830,2714,train
SYN-06831,200,train
SYN-06832,1313,test
SYN-06833,568,train
SYN-06834,2715,train
SYN-06835,3829,train
SYN-06836,1190,train
SYN-06837,2716,test
SYN-06838,2717,validation
SYN-06839,36,train
SYN-06840,2414,validation
SYN-06841,3257,train
SYN-06842,200,train
SYN-06843,2718,test
SYN-06844,3580,train
SYN-06845,991,train
SYN-06846,4043,train
SYN-06847,3797,train
SYN-06848,2719,validation
SYN-06849,2720,train
SYN-06850,1089,train
SYN-06851,2721,train
SYN-06852,3344,validation
SYN-06853,200,train
SYN-06854,2722,validation
SYN-06855,49,train
SYN-06856,4043,train
SYN-06857,2723,train
SYN-06858,2724,train
SYN-06859,1190,train
SYN-06860,2725,test
SYN-06861,1190,train
SYN-06862,2726,train
SYN-06863,2727,test
SYN-06864,4109,train
SYN-06865,2728,train
SYN-06866,2729,test
SYN-06867,1758,train
SYN-06868,36,train
SYN-06869,2730,train
SYN-06870,2731,train
SYN-06871,2732,validation
SYN-06872,813,test
SYN-06873,4026,train
SYN-06874,2733,train
SYN-06875,2734,train
SYN-06876,2735,train
SYN-06877,2999,train
SYN-06878,2736,validation
SYN-06879,298,validation
SYN-06880,2737,train
SYN-06881,3202,train
SYN-06882,2032,train
SYN-06883,2738,train
SYN-06884,239,train
SYN-06885,4064,train
SYN-06886,3797,train
SYN-06887,3997,train
SYN-06888,2739,test
SYN-06889,2740,train
SYN-06890,2741,test
SYN-06891,3244,train
SYN-06892,1518,validation
SYN-06893,2742,train
SYN-06894,2743,test
SYN-06895,2744,train
SYN-06896,36,train
SYN-06897,2745,test
SYN-06898,2746,train
SYN-06899,3580,train
SYN-06900,1330,train
SYN-06901,4325,test
SYN-06902,1330,train
SYN-06903,2747,train
SYN-06904,1657,train
SYN-06905,2079,train
SYN-06906,3471,validation
SYN-06907,19,train
SYN-06908,2748,train
SYN-06909,2749,test
SYN-06910,1061,test
SYN-06911,2227,train
SYN-06912,991,train
SYN-06913,2750,train
SYN-06914,2079,train
SYN-06915,1190,train
SYN-06916,2751,train
SYN-06917,4045,train
SYN-06918,1330,train
SYN-06919,2752,test
SYN-06920,2753,test
SYN-06921,2850,train
SYN-06922,1154,validation
SYN-06923,3189,validation
SYN-06924,2754,test
SYN-06925,200,train
SYN-06926,1602,train
SYN-06927,2755,test
SYN-06928,2756,validation
SYN-06929,2757,test
SYN-06930,3249,train
SYN-06931,4213,validation
SYN-06932,185,test
SYN-06933,1148,validation
SYN-06934,2758,train
SYN-06935,2759,train
SYN-06936,4045,train
SYN-06937,2760,train
SYN-06938,2761,validation
SYN-06939,2313,test
SYN-06940,4304,train
SYN-06941,2762,validation
SYN-06942,1330,train
SYN-06943,2387,train
SYN-06944,3797,train
SYN-06945,2763,train
SYN-06946,2764,validation
SYN-06947,2765,train
SYN-06948,2766,train
SYN-06949,1264,train
SYN-06950,2767,train
SYN-06951,1831,test
SYN-06952,2768,train
SYN-06953,2769,test
SYN-06954,3797,train
SYN-06955,2770,train
SYN-06956,2771,train
SYN-06957,273,train
SYN-06958,200,train
SYN-06959,1061,test
SYN-06960,107,train
SYN-06961,3407,train
SYN-06962,200,train
SYN-06963,2772,test
SYN-06964,19,train
SYN-06965,2773,train
SYN-06966,200,train
SYN-06967,1909,train
SYN-06968,2774,test
SYN-06969,2775,train
SYN-06970,2776,train
SYN-06971,185,test
SYN-06972,569,train
SYN-06973,3580,train
SYN-06974,1330,train
SYN-06975,472,train
SYN-06976,2777,test
SYN-06977,2778,train
SYN-06978,2790,test
SYN-06979,2779,train
SYN-06980,3471,validation
SYN-06981,2079,train
SYN-06982,2780,validation
SYN-06983,2781,test
SYN-06984,3580,train
SYN-06985,2782,train
SYN-06986,361,validation
SYN-06987,2783,train
SYN-06988,2857,train
SYN-06989,2784,train
SYN-06990,2785,train
SYN-06991,3854,train
SYN-06992,2786,train
SYN-06993,36,train
SYN-06994,3495,train
SYN-06995,2787,train
SYN-06996,2788,train
SYN-06997,2789,train
SYN-06998,2790,test
SYN-06999,1585,train
SYN-07000,2791,train
SYN-07001,2792,train
SYN-07002,2793,train
SYN-07003,2794,validation
SYN-07004,2795,train
SYN-07005,2568,validation
SYN-07006,343,train
SYN-07007,2796,test
SYN-07008,4172,validation
SYN-07009,4504,test
SYN-07010,3580,train
SYN-07011,733,train
SYN-07012,786,train
SYN-07013,3747,train
SYN-07014,2797,train
SYN-07015,49,train
SYN-07016,2798,train
SYN-07017,2799,train
SYN-07018,1220,train
SYN-07019,1330,train
SYN-07020,298,validation
SYN-07021,298,validation
SYN-07022,2800,train
SYN-07023,2744,train
SYN-07024,2801,train
SYN-07025,2802,validation
SYN-07026,2803,test
SYN-07027,4064,train
SYN-07028,2804,train
SYN-07029,1237,train
SYN-07030,36,train
SYN-07031,2805,train
SYN-07032,2806,train
SYN-07033,57,train
SYN-07034,2807,train
SYN-07035,4263,train
SYN-07036,2808,train
SYN-07037,49,train
SYN-07038,2809,validation
SYN-07039,733,train
SYN-07040,1190,train
SYN-07041,2200,test
SYN-07042,2810,train
SYN-07043,2811,train
SYN-07044,2812,train
SYN-07045,2813,train
SYN-07046,3344,validation
SYN-07047,2814,validation
SYN-07048,3265,test
SYN-07049,2815,train
SYN-07050,3189,validation
SYN-07051,2816,validation
SYN-07052,2817,train
SYN-07053,3797,train
SYN-07054,3189,validation
SYN-07055,2818,validation
SYN-07056,3244,train
SYN-07057,1808,train
SYN-07058,2819,train
SYN-07059,2820,train
SYN-07060,3974,train
SYN-07061,2821,test
SYN-07062,2822,train
SYN-07063,200,train
SYN-07064,551,train
SYN-07065,2823,train
SYN-07066,2824,train
SYN-07067,2825,validation
SYN-07068,3244,train
SYN-07069,2826,train
SYN-07070,2327,train
SYN-07071,2827,train
SYN-07072,2828,test
SYN-07073,4385,train
SYN-07074,2829,train
SYN-07075,2830,validation
SYN-07076,4355,validation
SYN-07077,2831,test
SYN-07078,1526,train
SYN-07079,2832,train
SYN-07080,2833,validation
SYN-07081,310,test
SYN-07082,4045,train
SYN-07083,2834,test
SYN-07084,2835,train
SYN-07085,2836,validation
SYN-07086,2032,train
SYN-07087,200,train
SYN-07088,2482,test
SYN-07089,428,test
SYN-07090,3625,train
SYN-07091,2837,test
SYN-07092,2838,train
SYN-07093,2839,train
SYN-07094,694,train
SYN-07095,947,train
SYN-07096,102,train
SYN-07097,2840,train
SYN-07098,2369,train
SYN-07099,252,train
SYN-07100,2841,train
SYN-07101,2790,test
SYN-07102,2842,train
SYN-07103,49,train
SYN-07104,4064,train
SYN-07105,200,train
SYN-07106,4045,train
SYN-07107,239,train
SYN-07108,3244,train
SYN-07109,2843,train
SYN-07110,1831,test
SYN-07111,2844,train
SYN-07112,2845,test
SYN-07113,4072,train
SYN-07114,2846,train
SYN-07115,4355,validation
SYN-07116,36,train
SYN-07117,2847,test
SYN-07118,2848,train
SYN-07119,3759,train
SYN-07120,1330,train
SYN-07121,472,train
SYN-07122,2849,train
SYN-07123,752,train
SYN-07124,4008,train
SYN-07125,200,train
SYN-07126,2482,test
SYN-07127,3797,train
SYN-07128,2850,train
SYN-07129,298,validation
SYN-07130,2369,train
SYN-07131,1585,train
SYN-07132,851,train
SYN-07133,2851,train
SYN-07134,733,train
SYN-07135,2852,train
SYN-07136,3471,validation
SYN-07137,2853,train
SYN-07138,4263,train
SYN-07139,2854,train
SYN-07140,36,train
SYN-07141,991,train
SYN-07142,3937,train
SYN-07143,2855,train
SYN-07144,2856,train
SYN-07145,692,train
SYN-07146,401,validation
SYN-07147,1263,train
SYN-07148,36,train
SYN-07149,1255,train
SYN-07150,2319,train
SYN-07151,1330,train
SYN-07152,3797,train
SYN-07153,1190,train
SYN-07154,2857,train
SYN-07155,4555,train
SYN-07156,2032,train
SYN-07157,2032,train
SYN-07158,2482,test
SYN-07159,2858,train
SYN-07160,2859,train
SYN-07161,2860,train
SYN-07162,910,validation
SYN-07163,102,train
SYN-07164,2861,train
SYN-07165,2421,train
SYN-07166,200,train
SYN-07167,2862,train
SYN-07168,3189,validation
SYN-07169,2863,train
SYN-07170,2864,test
SYN-07171,2865,test
SYN-07172,1061,test
SYN-07173,2032,train
SYN-07174,2866,train
SYN-07175,2867,train
SYN-07176,112,test
SYN-07177,1883,train
SYN-07178,1125,train
SYN-07179,2467,train
SYN-07180,2868,train
SYN-07181,200,train
SYN-07182,2869,train
SYN-07183,2870,train
SYN-07184,2871,train
SYN-07185,3797,train
SYN-07186,2872,train
SYN-07187,239,train
SYN-07188,1330,train
SYN-07189,1280,train
SYN-07190,2873,train
SYN-07191,2032,train
SYN-07192,2874,train
SYN-07193,2875,train
SYN-07194,1918,train
SYN-07195,2727,test
SYN-07196,2876,train
SYN-07197,2079,train
SYN-07198,3004,train
SYN-07199,2482,test
SYN-07200,36,train
SYN-07201,2877,validation
SYN-07202,3580,train
SYN-07203,3580,train
SYN-07204,634,train
SYN-07205,3797,train
SYN-07206,2878,train
SYN-07207,2879,train
SYN-07208,991,train
SYN-07209,3495,train
SYN-07210,185,test
SYN-07211,2880,test
SYN-07212,3580,train
SYN-07213,4064,train
SYN-07214,2881,train
SYN-07215,2882,train
SYN-07216,2883,test
SYN-07217,3264,test
SYN-07218,4473,train
SYN-07219,2884,test
SYN-07220,3244,train
SYN-07221,200,train
SYN-07222,3570,train
SYN-07223,1160,test
SYN-07224,2885,train
SYN-07225,3021,train
SYN-07226,2886,train
SYN-07227,2887,train
SYN-07228,2888,test
SYN-07229,2889,validation
SYN-07230,2890,test
SYN-07231,2999,train
SYN-07232,2891,train
SYN-07233,1190,train
SYN-07234,2892,test
SYN-07235,2893,train
SYN-07236,3189,validation
SYN-07237,2894,test
SYN-07238,1330,train
SYN-07239,551,train
SYN-07240,102,train
SYN-07241,2032,train
SYN-07242,2895,train
SYN-07243,2032,train
SYN-07244,2896,train
SYN-07245,2032,train
SYN-07246,2790,test
SYN-07247,472,train
SYN-07248,49,train
SYN-07249,634,train
SYN-07250,3797,train
SYN-07251,991,train
SYN-07252,692,train
SYN-07253,2032,train
SYN-07254,2897,train
SYN-07255,786,train
SYN-07256,102,train
SYN-07257,2898,train
SYN-07258,3797,train
SYN-07259,2079,train
SYN-07260,4246,test
SYN-07261,813,test
SYN-07262,3570,train
SYN-07263,2899,train
SYN-07264,2900,train
SYN-07265,3386,train
SYN-07266,2901,train
SYN-07267,2902,train
SYN-07268,2903,train
SYN-07269,1984,train
SYN-07270,2167,validation
SYN-07271,2904,test
SYN-07272,978,train
SYN-07273,265,train
SYN-07274,2905,train
SYN-07275,1062,train
SYN-07276,93,train
SYN-07277,2906,train
SYN-07278,4043,train
SYN-07279,1480,train
SYN-07280,2907,train
SYN-07281,736,train
SYN-07282,4064,train
SYN-07283,2437,test
SYN-07284,4126,train
SYN-07285,3797,train
SYN-07286,1927,train
SYN-07287,2482,test
SYN-07288,2908,test
SYN-07289,694,train
SYN-07290,2909,train
SYN-07291,1190,train
SYN-07292,2910,train
SYN-07293,2911,train
SYN-07294,2912,validation
SYN-07295,2327,train
SYN-07296,200,train
SYN-07297,551,train
SYN-07298,2913,test
SYN-07299,2914,test
SYN-07300,1114,train
SYN-07301,3580,train
SYN-07302,3189,validation
SYN-07303,3264,test
SYN-07304,2915,train
SYN-07305,1404,validation
SYN-07306,2916,train
SYN-07307,646,train
SYN-07308,2917,train
SYN-07309,452,train
SYN-07310,1190,train
SYN-07311,991,train
SYN-07312,2079,train
SYN-07313,2918,train
SYN-07314,3495,train
SYN-07315,2919,train
SYN-07316,3580,train
SYN-07317,2920,train
SYN-07318,43,validation
SYN-07319,2921,train
SYN-07320,2922,train
SYN-07321,200,train
SYN-07322,1263,train
SYN-07323,4064,train
SYN-07324,2135,train
SYN-07325,2923,train
SYN-07326,1237,train
SYN-07327,2924,train
SYN-07328,49,train
SYN-07329,2925,train
SYN-07330,2926,validation
SYN-07331,2927,train
SYN-07332,2928,train
SYN-07333,1264,train
SYN-07334,2400,train
SYN-07335,2929,train
SYN-07336,36,train
SYN-07337,472,train
SYN-07338,2930,test
SYN-07339,1585,train
SYN-07340,2790,test
SYN-07341,4064,train
SYN-07342,239,train
SYN-07343,2032,train
SYN-07344,781,train
SYN-07345,3797,train
SYN-07346,3189,validation
SYN-07347,991,train
SYN-07348,2931,train
SYN-07349,634,train
SYN-07350,36,train
SYN-07351,1190,train
SYN-07352,2932,train
SYN-07353,36,train
SYN-07354,2933,train
SYN-07355,4413,validation
SYN-07356,36,train
SYN-07357,2934,train
SYN-07358,3181,train
SYN-07359,1190,train
SYN-07360,2935,train
SYN-07361,2936,train
SYN-07362,2937,train
SYN-07363,4469,train
SYN-07364,2938,train
SYN-07365,2032,train
SYN-07366,2939,train
SYN-07367,4366,train
SYN-07368,2079,train
SYN-07369,298,validation
SYN-07370,2940,validation
SYN-07371,4043,train
SYN-07372,1330,train
SYN-07373,2941,train
SYN-07374,3797,train
SYN-07375,2942,train
SYN-07376,3740,train
SYN-07377,2943,train
SYN-07378,2079,train
SYN-07379,4482,test
SYN-07380,2944,train
SYN-07381,1129,train
SYN-07382,813,test
SYN-07383,1831,test
SYN-07384,2319,train
SYN-07385,265,train
SYN-07386,2945,train
SYN-07387,2999,train
SYN-07388,472,train
SYN-07389,679,train
SYN-07390,2946,train
SYN-07391,2947,train
SYN-07392,864,train
SYN-07393,2948,train
SYN-07394,2949,test
SYN-07395,2950,train
SYN-07396,2951,test
SYN-07397,1507,train
SYN-07398,3344,validation
SYN-07399,2952,train
SYN-07400,2953,test
SYN-07401,1521,train
SYN-07402,2954,validation
SYN-07403,2955,train
SYN-07404,2956,train
SYN-07405,2957,train
SYN-07406,2958,train
SYN-07407,3264,test
SYN-07408,2959,train
SYN-07409,200,train
SYN-07410,1263,train
SYN-07411,2032,train
SYN-07412,2960,train
SYN-07413,3344,validation
SYN-07414,4345,train
SYN-07415,2961,test
SYN-07416,481,train
SYN-07417,2962,train
SYN-07418,3249,train
SYN-07419,1190,train
SYN-07420,2963,train
SYN-07421,472,train
SYN-07422,3286,train
SYN-07423,634,train
SYN-07424,977,train
SYN-07425,2079,train
SYN-07426,1264,train
SYN-07427,2964,validation
SYN-07428,2965,validation
SYN-07429,4534,test
SYN-07430,200,train
SYN-07431,2966,validation
SYN-07432,2967,train
SYN-07433,2968,train
SYN-07434,2969,train
SYN-07435,2970,train
SYN-07436,1960,train
SYN-07437,79,train
SYN-07438,2971,train
SYN-07439,2972,test
SYN-07440,1803,train
SYN-07441,1063,train
SYN-07442,1190,train
SYN-07443,2973,validation
SYN-07444,49,train
SYN-07445,634,train
SYN-07446,2327,train
SYN-07447,2974,train
SYN-07448,991,train
SYN-07449,2975,test
SYN-07450,2369,train
SYN-07451,3853,train
SYN-07452,2976,train
SYN-07453,733,train
SYN-07454,4246,test
SYN-07455,3264,test
SYN-07456,2977,train
SYN-07457,2978,train
SYN-07458,2979,validation
SYN-07459,2980,train
SYN-07460,2981,test
SYN-07461,2982,train
SYN-07462,3087,train
SYN-07463,2983,validation
SYN-07464,3918,train
SYN-07465,2984,test
SYN-07466,2985,train
SYN-07467,2986,train
SYN-07468,2987,train
SYN-07469,1330,train
SYN-07470,2988,test
SYN-07471,4123,train
SYN-07472,3570,train
SYN-07473,2989,train
SYN-07474,2990,train
SYN-07475,1190,train
SYN-07476,1634,validation
SYN-07477,2991,train
SYN-07478,2992,train
SYN-07479,2993,validation
SYN-07480,2994,train
SYN-07481,2995,train
SYN-07482,2693,train
SYN-07483,3797,train
SYN-07484,2850,train
SYN-07485,3189,validation
SYN-07486,1263,train
SYN-07487,2996,train
SYN-07488,646,train
SYN-07489,2997,validation
SYN-07490,2998,validation
SYN-07491,2999,train
SYN-07492,1061,test
SYN-07493,3000,train
SYN-07494,3001,test
SYN-07495,3002,test
SYN-07496,3819,validation
SYN-07497,3003,test
SYN-07498,3004,train
SYN-07499,252,train
SYN-07500,189,train
SYN-07501,2369,train
SYN-07502,2369,train
SYN-07503,3005,validation
SYN-07504,3006,validation
SYN-07505,4043,train
SYN-07506,3007,test
SYN-07507,1061,test
SYN-07508,472,train
SYN-07509,102,train
SYN-07510,3008,validation
SYN-07511,3009,validation
SYN-07512,3010,test
SYN-07513,1330,train
SYN-07514,3011,validation
SYN-07515,3012,validation
SYN-07516,1443,validation
SYN-07517,2495,train
SYN-07518,3013,test
SYN-07519,888,train
SYN-07520,4104,validation
SYN-07521,3014,train
SYN-07522,3015,train
SYN-07523,3016,test
SYN-07524,2079,train
SYN-07525,3471,validation
SYN-07526,3017,train
SYN-07527,3018,validation
SYN-07528,2439,train
SYN-07529,539,test
SYN-07530,3019,validation
SYN-07531,3264,test
SYN-07532,874,train
SYN-07533,2571,train
SYN-07534,3580,train
SYN-07535,3797,train
SYN-07536,3020,train
SYN-07537,3264,test
SYN-07538,3021,train
SYN-07539,239,train
SYN-07540,3022,train
SYN-07541,2527,train
SYN-07542,49,train
SYN-07543,3023,train
SYN-07544,2032,train
SYN-07545,200,train
SYN-07546,2032,train
SYN-07547,3024,train
SYN-07548,3025,test
SYN-07549,2939,train
SYN-07550,3026,validation
SYN-07551,3027,train
SYN-07552,3028,train
SYN-07553,3029,train
SYN-07554,3030,validation
SYN-07555,1063,train
SYN-07556,3565,train
SYN-07557,2079,train
SYN-07558,1928,train
SYN-07559,1713,train
SYN-07560,1190,train
SYN-07561,36,train
SYN-07562,3031,train
SYN-07563,3032,train
SYN-07564,3033,test
SYN-07565,3034,train
SYN-07566,469,train
SYN-07567,3257,train
SYN-07568,3035,test
SYN-07569,3036,validation
SYN-07570,3037,validation
SYN-07571,794,train
SYN-07572,3038,train
SYN-07573,634,train
SYN-07574,3039,train
SYN-07575,3040,train
SYN-07576,4045,train
SYN-07577,2850,train
SYN-07578,3041,test
SYN-07579,3797,train
SYN-07580,3042,train
SYN-07581,3043,train
SYN-07582,4339,train
SYN-07583,3044,train
SYN-07584,3189,validation
SYN-07585,1471,train
SYN-07586,3045,test
SYN-07587,3046,test
SYN-07588,3047,train
SYN-07589,3048,validation
SYN-07590,3049,train
SYN-07591,2579,train
SYN-07592,3050,train
SYN-07593,36,train
SYN-07594,36,train
SYN-07595,3051,train
SYN-07596,4263,train
SYN-07597,4043,train
SYN-07598,49,train
SYN-07599,3052,train
SYN-07600,1190,train
SYN-07601,3053,train
SYN-07602,3741,train
SYN-07603,4057,train
SYN-07604,3054,train
SYN-07605,3055,train
SYN-07606,3056,train
SYN-07607,3580,train
SYN-07608,3057,train
SYN-07609,2369,train
SYN-07610,3058,train
SYN-07611,247,train
SYN-07612,646,train
SYN-07613,3059,train
SYN-07614,3060,test
SYN-07615,2032,train
SYN-07616,4459,train
SYN-07617,1326,train
SYN-07618,1077,train
SYN-07619,3061,train
SYN-07620,3062,train
SYN-07621,3506,validation
SYN-07622,3063,train
SYN-07623,3064,train
SYN-07624,3065,train
SYN-07625,93,train
SYN-07626,3066,train
SYN-07627,3067,validation
SYN-07628,3068,train
SYN-07629,3069,validation
SYN-07630,551,train
SYN-07631,3070,train
SYN-07632,1330,train
SYN-07633,3071,train
SYN-07634,3072,validation
SYN-07635,472,train
SYN-07636,1330,train
SYN-07637,3073,train
SYN-07638,4008,train
SYN-07639,19,train
SYN-07640,4263,train
SYN-07641,3074,train
SYN-07642,3075,validation
SYN-07643,3076,train
SYN-07644,2629,train
SYN-07645,786,train
SYN-07646,3077,train
SYN-07647,4210,train
SYN-07648,3078,train
SYN-07649,1153,train
SYN-07650,3079,train
SYN-07651,3189,validation
SYN-07652,2327,train
SYN-07653,2079,train
SYN-07654,2032,train
SYN-07655,4504,test
SYN-07656,1831,test
SYN-07657,3244,train
SYN-07658,3731,test
SYN-07659,3080,train
SYN-07660,3081,train
SYN-07661,794,train
SYN-07662,3082,train
SYN-07663,3495,train
SYN-07664,1928,train
SYN-07665,3083,train
SYN-07666,2319,train
SYN-07667,3084,train
SYN-07668,3189,validation
SYN-07669,660,test
SYN-07670,634,train
SYN-07671,3085,train
SYN-07672,200,train
SYN-07673,2369,train
SYN-07674,3086,train
SYN-07675,3087,train
SYN-07676,692,train
SYN-07677,3088,train
SYN-07678,36,train
SYN-07679,4366,train
SYN-07680,3089,train
SYN-07681,3021,train
SYN-07682,3090,train
SYN-07683,3189,validation
SYN-07684,3091,validation
SYN-07685,3092,train
SYN-07686,1263,train
SYN-07687,2811,train
SYN-07688,3093,train
SYN-07689,3094,validation
SYN-07690,3244,train
SYN-07691,3095,train
SYN-07692,3096,train
SYN-07693,3097,train
SYN-07694,2319,train
SYN-07695,1660,test
SYN-07696,3098,test
SYN-07697,3099,train
SYN-07698,2387,train
SYN-07699,3797,train
SYN-07700,3100,train
SYN-07701,3101,train
SYN-07702,3580,train
SYN-07703,786,train
SYN-07704,3189,validation
SYN-07705,2319,train
SYN-07706,3102,train
SYN-07707,3103,train
SYN-07708,3104,test
SYN-07709,3105,train
SYN-07710,3106,train
SYN-07711,3107,train
SYN-07712,3108,train
SYN-07713,910,validation
SYN-07714,3109,train
SYN-07715,36,train
SYN-07716,3110,train
SYN-07717,185,test
SYN-07718,3111,train
SYN-07719,3112,train
SYN-07720,2369,train
SYN-07721,3021,train
SYN-07722,200,train
SYN-07723,4263,train
SYN-07724,3471,validation
SYN-07725,1190,train
SYN-07726,3113,train
SYN-07727,3421,train
SYN-07728,3021,train
SYN-07729,3114,train
SYN-07730,472,train
SYN-07731,3115,train
SYN-07732,2032,train
SYN-07733,3264,test
SYN-07734,1831,test
SYN-07735,2936,train
SYN-07736,3116,validation
SYN-07737,1330,train
SYN-07738,3060,test
SYN-07739,1973,train
SYN-07740,1330,train
SYN-07741,634,train
SYN-07742,3117,train
SYN-07743,3118,train
SYN-07744,2117,train
SYN-07745,1894,train
SYN-07746,3119,validation
SYN-07747,3120,train
SYN-07748,49,train
SYN-07749,2786,train
SYN-07750,2369,train
SYN-07751,200,train
SYN-07752,3121,train
SYN-07753,991,train
SYN-07754,3122,train
SYN-07755,3123,train
SYN-07756,3124,train
SYN-07757,85,train
SYN-07758,200,train
SYN-07759,3125,train
SYN-07760,3497,validation
SYN-07761,298,validation
SYN-07762,3126,validation
SYN-07763,4043,train
SYN-07764,2999,train
SYN-07765,1330,train
SYN-07766,3495,train
SYN-07767,1264,train
SYN-07768,3127,train
SYN-07769,192,train
SYN-07770,3128,train
SYN-07771,3495,train
SYN-07772,19,train
SYN-07773,3129,train
SYN-07774,2999,train
SYN-07775,3130,validation
SYN-07776,1190,train
SYN-07777,2032,train
SYN-07778,3131,validation
SYN-07779,2086,train
SYN-07780,3132,train
SYN-07781,1891,test
SYN-07782,3133,train
SYN-07783,3134,train
SYN-07784,1190,train
SYN-07785,1831,test
SYN-07786,3135,train
SYN-07787,3136,train
SYN-07788,3137,train
SYN-07789,3244,train
SYN-07790,3138,test
SYN-07791,3139,train
SYN-07792,3140,validation
SYN-07793,3141,train
SYN-07794,3060,test
SYN-07795,1718,train
SYN-07796,3142,train
SYN-07797,36,train
SYN-07798,3143,test
SYN-07799,3144,train
SYN-07800,3580,train
SYN-07801,3580,train
SYN-07802,3145,validation
SYN-07803,3146,train
SYN-07804,472,train
SYN-07805,991,train
SYN-07806,467,train
SYN-07807,3147,validation
SYN-07808,3148,test
SYN-07809,2999,train
SYN-07810,3149,train
SYN-07811,3150,validation
SYN-07812,2482,test
SYN-07813,3151,train
SYN-07814,3152,train
SYN-07815,3153,validation
SYN-07816,2584,train
SYN-07817,3154,test
SYN-07818,3155,train
SYN-07819,1981,train
SYN-07820,1190,train
SYN-07821,4043,train
SYN-07822,3557,test
SYN-07823,472,train
SYN-07824,3156,train
SYN-07825,3157,train
SYN-07826,692,train
SYN-07827,105,validation
SYN-07828,1330,train
SYN-07829,3158,train
SYN-07830,3978,validation
SYN-07831,3159,train
SYN-07832,36,train
SYN-07833,2897,train
SYN-07834,3160,train
SYN-07835,3161,train
SYN-07836,3162,train
SYN-07837,3163,validation
SYN-07838,200,train
SYN-07839,2032,train
SYN-07840,1190,train
SYN-07841,1824,train
SYN-07842,36,train
SYN-07843,2369,train
SYN-07844,3164,train
SYN-07845,3165,train
SYN-07846,812,validation
SYN-07847,910,validation
SYN-07848,3166,test
SYN-07849,4285,train
SYN-07850,1061,test
SYN-07851,3167,train
SYN-07852,786,train
SYN-07853,2327,train
SYN-07854,3168,train
SYN-07855,3169,train
SYN-07856,265,train
SYN-07857,3170,train
SYN-07858,3171,train
SYN-07859,1280,train
SYN-07860,1981,train
SYN-07861,3172,train
SYN-07862,3021,train
SYN-07863,3173,test
SYN-07864,3174,validation
SYN-07865,3175,validation
SYN-07866,3471,validation
SYN-07867,3176,train
SYN-07868,2079,train
SYN-07869,3177,validation
SYN-07870,991,train
SYN-07871,668,train
SYN-07872,3178,train
SYN-07873,3776,train
SYN-07874,3179,train
SYN-07875,3180,train
SYN-07876,3181,train
SYN-07877,3182,train
SYN-07878,3183,train
SYN-07879,3184,test
SYN-07880,3185,train
SYN-07881,3186,test
SYN-07882,3187,train
SYN-07883,3188,train
SYN-07884,3189,validation
SYN-07885,3480,train
SYN-07886,3959,validation
SYN-07887,3244,train
SYN-07888,3190,train
SYN-07889,991,train
SYN-07890,4045,train
SYN-07891,36,train
SYN-07892,3191,train
SYN-07893,3192,train
SYN-07894,1967,train
SYN-07895,3193,test
SYN-07896,3194,train
SYN-07897,3195,test
SYN-07898,200,train
SYN-07899,3998,validation
SYN-07900,3196,validation
SYN-07901,3197,test
SYN-07902,3198,test
SYN-07903,3797,train
SYN-07904,1330,train
SYN-07905,3199,test
SYN-07906,49,train
SYN-07907,3200,train
SYN-07908,3201,train
SYN-07909,3202,train
SYN-07910,4424,train
SYN-07911,736,train
SYN-07912,3203,test
SYN-07913,3204,test
SYN-07914,794,train
SYN-07915,3205,train
SYN-07916,1841,train
SYN-07917,1831,test
SYN-07918,3206,validation
SYN-07919,2075,train
SYN-07920,3189,validation
SYN-07921,3207,train
SYN-07922,3208,validation
SYN-07923,3209,test
SYN-07924,3210,train
SYN-07925,248,train
SYN-07926,4043,train
SYN-07927,3211,test
SYN-07928,36,train
SYN-07929,3212,validation
SYN-07930,3213,train
SYN-07931,3214,train
SYN-07932,4043,train
SYN-07933,3215,train
SYN-07934,3216,test
SYN-07935,185,test
SYN-07936,500,train
SYN-07937,2032,train
SYN-07938,3689,train
SYN-07939,192,train
SYN-07940,3193,test
SYN-07941,3217,train
SYN-07942,2032,train
SYN-07943,3218,train
SYN-07944,3797,train
SYN-07945,3219,train
SYN-07946,3220,train
SYN-07947,3797,train
SYN-07948,3221,train
SYN-07949,3471,validation
SYN-07950,1585,train
SYN-07951,85,train
SYN-07952,3558,train
SYN-07953,3222,train
SYN-07954,2313,test
SYN-07955,1220,train
SYN-07956,3223,train
SYN-07957,3224,train
SYN-07958,3225,validation
SYN-07959,774,test
SYN-07960,1230,train
SYN-07961,560,train
SYN-07962,3226,train
SYN-07963,3244,train
SYN-07964,3227,train
SYN-07965,3228,train
SYN-07966,342,train
SYN-07967,3584,train
SYN-07968,3797,train
SYN-07969,1803,train
SYN-07970,3229,train
SYN-07971,2527,train
SYN-07972,4045,train
SYN-07973,3230,train
SYN-07974,3231,test
SYN-07975,1611,train
SYN-07976,3232,test
SYN-07977,4528,train
SYN-07978,3233,train
SYN-07979,3234,validation
SYN-07980,1585,train
SYN-07981,938,train
SYN-07982,3235,train
SYN-07983,634,train
SYN-07984,3495,train
SYN-07985,2032,train
SYN-07986,3236,test
SYN-07987,4198,train
SYN-07988,2032,train
SYN-07989,3237,validation
SYN-07990,4045,train
SYN-07991,2360,train
SYN-07992,3238,train
SYN-07993,3593,train
SYN-07994,3239,train
SYN-07995,1918,train
SYN-07996,36,train
SYN-07997,3240,train
SYN-07998,3241,test
SYN-07999,472,train
SYN-08000,102,train
SYN-08001,2327,train
SYN-08002,3242,train
SYN-08003,2319,train
SYN-08004,3244,train
SYN-08005,3243,train
SYN-08006,3244,train
SYN-08007,1230,train
SYN-08008,3245,train
SYN-08009,2369,train
SYN-08010,36,train
SYN-08011,2032,train
SYN-08012,2949,test
SYN-08013,3246,train
SYN-08014,4186,train
SYN-08015,3247,validation
SYN-08016,634,train
SYN-08017,3248,train
SYN-08018,200,train
SYN-08019,3249,train
SYN-08020,3386,train
SYN-08021,3250,train
SYN-08022,3189,validation
SYN-08023,3251,train
SYN-08024,3252,validation
SYN-08025,4227,train
SYN-08026,2032,train
SYN-08027,3253,validation
SYN-08028,3254,validation
SYN-08029,3255,validation
SYN-08030,3256,train
SYN-08031,3257,train
SYN-08032,3258,train
SYN-08033,185,test
SYN-08034,3259,test
SYN-08035,3260,test
SYN-08036,102,train
SYN-08037,3261,test
SYN-08038,634,train
SYN-08039,2482,test
SYN-08040,3262,train
SYN-08041,3263,validation
SYN-08042,3264,test
SYN-08043,2999,train
SYN-08044,3265,test
SYN-08045,185,test
SYN-08046,1018,train
SYN-08047,752,train
SYN-08048,3266,train
SYN-08049,2327,train
SYN-08050,786,train
SYN-08051,3267,train
SYN-08052,3268,train
SYN-08053,991,train
SYN-08054,2135,train
SYN-08055,3269,train
SYN-08056,3270,train
SYN-08057,3271,train
SYN-08058,3272,train
SYN-08059,4045,train
SYN-08060,239,train
SYN-08061,4270,train
SYN-08062,200,train
SYN-08063,3273,test
SYN-08064,3274,train
SYN-08065,2482,test
SYN-08066,1330,train
SYN-08067,2079,train
SYN-08068,786,train
SYN-08069,3275,test
SYN-08070,3344,validation
SYN-08071,3276,test
SYN-08072,3277,test
SYN-08073,3039,train
SYN-08074,3021,train
SYN-08075,2011,train
SYN-08076,3278,train
SYN-08077,3279,train
SYN-08078,1125,train
SYN-08079,3021,train
SYN-08080,3280,train
SYN-08081,3281,test
SYN-08082,3282,test
SYN-08083,3344,validation
SYN-08084,3580,train
SYN-08085,3580,train
SYN-08086,1585,train
SYN-08087,3283,validation
SYN-08088,3284,train
SYN-08089,3285,train
SYN-08090,3286,train
SYN-08091,1063,train
SYN-08092,4559,train
SYN-08093,3287,train
SYN-08094,1460,train
SYN-08095,3288,train
SYN-08096,2327,train
SYN-08097,3495,train
SYN-08098,4045,train
SYN-08099,3289,test
SYN-08100,2512,validation
SYN-08101,794,train
SYN-08102,3797,train
SYN-08103,3290,validation
SYN-08104,1018,train
SYN-08105,1537,train
SYN-08106,3291,train
SYN-08107,3292,train
SYN-08108,1263,train
SYN-08109,3076,train
SYN-08110,36,train
SYN-08111,2228,train
SYN-08112,3580,train
SYN-08113,3293,train
SYN-08114,866,train
SYN-08115,3294,test
SYN-08116,3295,train
SYN-08117,3296,train
SYN-08118,3297,train
SYN-08119,3298,train
SYN-08120,551,train
SYN-08121,2032,train
SYN-08122,3299,train
SYN-08123,3300,train
SYN-08124,2032,train
SYN-08125,4043,train
SYN-08126,4463,train
SYN-08127,19,train
SYN-08128,3301,validation
SYN-08129,1066,train
SYN-08130,102,train
SYN-08131,3580,train
SYN-08132,2737,train
SYN-08133,1263,train
SYN-08134,4045,train
SYN-08135,3302,train
SYN-08136,3303,train
SYN-08137,2110,train
SYN-08138,3304,train
SYN-08139,3305,train
SYN-08140,3306,train
SYN-08141,3307,validation
SYN-08142,472,train
SYN-08143,3308,validation
SYN-08144,1153,train
SYN-08145,239,train
SYN-08146,736,train
SYN-08147,242,train
SYN-08148,991,train
SYN-08149,4008,train
SYN-08150,3309,validation
SYN-08151,2032,train
SYN-08152,200,train
SYN-08153,3741,train
SYN-08154,3310,train
SYN-08155,3311,train
SYN-08156,3312,train
SYN-08157,3313,train
SYN-08158,3314,train
SYN-08159,3315,train
SYN-08160,3316,train
SYN-08161,49,train
SYN-08162,3264,test
SYN-08163,1826,train
SYN-08164,1153,train
SYN-08165,1190,train
SYN-08166,3317,train
SYN-08167,1190,train
SYN-08168,2319,train
SYN-08169,200,train
SYN-08170,3021,train
SYN-08171,1031,train
SYN-08172,780,train
SYN-08173,752,train
SYN-08174,3318,train
SYN-08175,1238,train
SYN-08176,3765,train
SYN-08177,242,train
SYN-08178,36,train
SYN-08179,3528,train
SYN-08180,239,train
SYN-08181,216,train
SYN-08182,7,train
SYN-08183,3319,test
SYN-08184,1565,train
SYN-08185,3320,train
SYN-08186,3244,train
SYN-08187,3071,train
SYN-08188,3495,train
SYN-08189,2999,train
SYN-08190,7,train
SYN-08191,3321,train
SYN-08192,3322,train
SYN-08193,4064,train
SYN-08194,3323,test
SYN-08195,1330,train
SYN-08196,3324,train
SYN-08197,4043,train
SYN-08198,3325,train
SYN-08199,3326,test
SYN-08200,3850,test
SYN-08201,3487,train
SYN-08202,200,train
SYN-08203,298,validation
SYN-08204,3327,train
SYN-08205,3328,train
SYN-08206,2249,test
SYN-08207,239,train
SYN-08208,1190,train
SYN-08209,3329,train
SYN-08210,2319,train
SYN-08211,3330,train
SYN-08212,3331,train
SYN-08213,3495,train
SYN-08214,569,train
SYN-08215,3332,test
SYN-08216,3333,validation
SYN-08217,343,train
SYN-08218,3334,train
SYN-08219,3335,test
SYN-08220,3336,train
SYN-08221,2850,train
SYN-08222,200,train
SYN-08223,3337,train
SYN-08224,1330,train
SYN-08225,3797,train
SYN-08226,3338,test
SYN-08227,3339,train
SYN-08228,3340,train
SYN-08229,2753,test
SYN-08230,3341,train
SYN-08231,3342,train
SYN-08232,3343,train
SYN-08233,3633,train
SYN-08234,1480,train
SYN-08235,4179,test
SYN-08236,3344,validation
SYN-08237,3345,test
SYN-08238,3346,train
SYN-08239,36,train
SYN-08240,472,train
SYN-08241,3347,train
SYN-08242,4015,train
SYN-08243,2032,train
SYN-08244,3348,train
SYN-08245,2999,train
SYN-08246,3349,train
SYN-08247,3350,train
SYN-08248,3351,test
SYN-08249,3352,validation
SYN-08250,3353,train
SYN-08251,102,train
SYN-08252,3354,train
SYN-08253,3101,train
SYN-08254,176,train
SYN-08255,3355,train
SYN-08256,185,test
SYN-08257,1330,train
SYN-08258,36,train
SYN-08259,3742,validation
SYN-08260,3528,train
SYN-08261,3356,train
SYN-08262,3264,test
SYN-08263,2369,train
SYN-08264,472,train
SYN-08265,692,train
SYN-08266,2079,train
SYN-08267,3357,test
SYN-08268,3358,train
SYN-08269,3359,test
SYN-08270,2790,test
SYN-08271,200,train
SYN-08272,3360,train
SYN-08273,4045,train
SYN-08274,1891,test
SYN-08275,3361,train
SYN-08276,2599,train
SYN-08277,472,train
SYN-08278,200,train
SYN-08279,977,train
SYN-08280,36,train
SYN-08281,2482,test
SYN-08282,3362,train
SYN-08283,3363,train
SYN-08284,3364,train
SYN-08285,850,train
SYN-08286,3797,train
SYN-08287,3365,train
SYN-08288,200,train
SYN-08289,3021,train
SYN-08290,3797,train
SYN-08291,780,train
SYN-08292,3366,train
SYN-08293,49,train
SYN-08294,3807,train
SYN-08295,3367,train
SYN-08296,1227,train
SYN-08297,2482,test
SYN-08298,3368,train
SYN-08299,63,validation
SYN-08300,3369,train
SYN-08301,298,validation
SYN-08302,3819,validation
SYN-08303,2313,test
SYN-08304,4414,test
SYN-08305,3370,train
SYN-08306,36,train
SYN-08307,3580,train
SYN-08308,991,train
SYN-08309,3371,train
SYN-08310,3372,train
SYN-08311,3797,train
SYN-08312,4015,train
SYN-08313,3373,test
SYN-08314,3374,train
SYN-08315,794,train
SYN-08316,3375,validation
SYN-08317,19,train
SYN-08318,3076,train
SYN-08319,3189,validation
SYN-08320,3376,validation
SYN-08321,3377,validation
SYN-08322,733,train
SYN-08323,3378,train
SYN-08324,3379,train
SYN-08325,794,train
SYN-08326,3380,train
SYN-08327,3381,train
SYN-08328,3264,test
SYN-08329,3382,test
SYN-08330,3383,train
SYN-08331,4253,train
SYN-08332,3384,validation
SYN-08333,3385,train
SYN-08334,3386,train
SYN-08335,343,train
SYN-08336,3387,test
SYN-08337,1718,train
SYN-08338,1328,train
SYN-08339,3388,test
SYN-08340,3389,train
SYN-08341,3264,test
SYN-08342,3390,train
SYN-08343,813,test
SYN-08344,1330,train
SYN-08345,3391,test
SYN-08346,3392,train
SYN-08347,1190,train
SYN-08348,947,train
SYN-08349,36,train
SYN-08350,3244,train
SYN-08351,991,train
SYN-08352,3495,train
SYN-08353,3393,train
SYN-08354,3394,test
SYN-08355,2313,test
SYN-08356,3395,validation
SYN-08357,203,train
SYN-08358,991,train
SYN-08359,1190,train
SYN-08360,3189,validation
SYN-08361,1437,train
SYN-08362,3396,train
SYN-08363,4043,train
SYN-08364,4043,train
SYN-08365,1897,train
SYN-08366,1556,train
SYN-08367,634,train
SYN-08368,3397,train
SYN-08369,3471,validation
SYN-08370,3495,train
SYN-08371,4008,train
SYN-08372,4064,train
SYN-08373,786,train
SYN-08374,3398,train
SYN-08375,3399,train
SYN-08376,3918,train
SYN-08377,1018,train
SYN-08378,2032,train
SYN-08379,3400,validation
SYN-08380,3401,test
SYN-08381,200,train
SYN-08382,3402,train
SYN-08383,3403,train
SYN-08384,1190,train
SYN-08385,36,train
SYN-08386,692,train
SYN-08387,3404,train
SYN-08388,3405,train
SYN-08389,3406,train
SYN-08390,794,train
SYN-08391,1190,train
SYN-08392,4500,test
SYN-08393,3244,train
SYN-08394,49,train
SYN-08395,3407,train
SYN-08396,3408,train
SYN-08397,3409,train
SYN-08398,3410,validation
SYN-08399,36,train
SYN-08400,3411,train
SYN-08401,1190,train
SYN-08402,1190,train
SYN-08403,3014,train
SYN-08404,1212,train
SYN-08405,634,train
SYN-08406,3412,train
SYN-08407,1018,train
SYN-08408,3413,test
SYN-08409,3797,train
SYN-08410,14,train
SYN-08411,991,train
SYN-08412,3414,train
SYN-08413,1330,train
SYN-08414,1263,train
SYN-08415,1190,train
SYN-08416,4355,validation
SYN-08417,3415,train
SYN-08418,3416,train
SYN-08419,3417,train
SYN-08420,3418,train
SYN-08421,3419,test
SYN-08422,4263,train
SYN-08423,3420,train
SYN-08424,3797,train
SYN-08425,3421,train
SYN-08426,4341,train
SYN-08427,207,validation
SYN-08428,3422,test
SYN-08429,3423,test
SYN-08430,3424,train
SYN-08431,1803,train
SYN-08432,3425,train
SYN-08433,3426,train
SYN-08434,3427,train
SYN-08435,3428,train
SYN-08436,102,train
SYN-08437,2032,train
SYN-08438,3429,train
SYN-08439,1554,validation
SYN-08440,3430,train
SYN-08441,3431,test
SYN-08442,1255,train
SYN-08443,3432,validation
SYN-08444,3433,train
SYN-08445,3434,train
SYN-08446,1330,train
SYN-08447,3244,train
SYN-08448,3797,train
SYN-08449,3435,train
SYN-08450,3436,validation
SYN-08451,3437,validation
SYN-08452,3854,train
SYN-08453,3438,test
SYN-08454,3439,test
SYN-08455,3440,train
SYN-08456,1526,train
SYN-08457,200,train
SYN-08458,3797,train
SYN-08459,3441,train
SYN-08460,991,train
SYN-08461,2999,train
SYN-08462,3442,validation
SYN-08463,2939,train
SYN-08464,3443,train
SYN-08465,3444,validation
SYN-08466,813,test
SYN-08467,1668,test
SYN-08468,93,train
SYN-08469,3445,train
SYN-08470,3446,train
SYN-08471,36,train
SYN-08472,3447,validation
SYN-08473,3448,test
SYN-08474,4043,train
SYN-08475,3449,train
SYN-08476,3450,train
SYN-08477,3451,test
SYN-08478,3452,train
SYN-08479,3453,train
SYN-08480,3454,test
SYN-08481,2949,test
SYN-08482,1470,train
SYN-08483,3455,train
SYN-08484,3264,test
SYN-08485,1264,train
SYN-08486,4355,validation
SYN-08487,2032,train
SYN-08488,49,train
SYN-08489,3456,train
SYN-08490,1018,train
SYN-08491,36,train
SYN-08492,36,train
SYN-08493,1263,train
SYN-08494,3457,train
SYN-08495,3458,validation
SYN-08496,991,train
SYN-08497,3459,train
SYN-08498,3460,train
SYN-08499,3461,train
SYN-08500,3462,train
SYN-08501,3189,validation
SYN-08502,3463,train
SYN-08503,2790,test
SYN-08504,3464,train
SYN-08505,3465,train
SYN-08506,472,train
SYN-08507,1190,train
SYN-08508,1377,train
SYN-08509,3466,train
SYN-08510,1481,train
SYN-08511,361,validation
SYN-08512,3467,validation
SYN-08513,4008,train
SYN-08514,4008,train
SYN-08515,206,train
SYN-08516,3468,train
SYN-08517,28,train
SYN-08518,3469,train
SYN-08519,813,test
SYN-08520,3470,train
SYN-08521,1061,test
SYN-08522,3471,validation
SYN-08523,3472,test
SYN-08524,352,train
SYN-08525,1470,train
SYN-08526,3473,train
SYN-08527,1067,train
SYN-08528,2567,train
SYN-08529,3474,validation
SYN-08530,3475,train
SYN-08531,3476,train
SYN-08532,3477,train
SYN-08533,3244,train
SYN-08534,2790,test
SYN-08535,3478,train
SYN-08536,3189,validation
SYN-08537,200,train
SYN-08538,102,train
SYN-08539,3479,train
SYN-08540,3480,train
SYN-08541,3481,train
SYN-08542,736,train
SYN-08543,3482,train
SYN-08544,3483,validation
SYN-08545,2032,train
SYN-08546,4043,train
SYN-08547,3484,train
SYN-08548,3485,test
SYN-08549,3486,train
SYN-08550,3487,train
SYN-08551,3488,train
SYN-08552,4317,train
SYN-08553,3580,train
SYN-08554,3489,train
SYN-08555,3490,train
SYN-08556,1554,validation
SYN-08557,4326,train
SYN-08558,3491,train
SYN-08559,3189,validation
SYN-08560,3492,train
SYN-08561,692,train
SYN-08562,794,train
SYN-08563,3493,train
SYN-08564,1018,train
SYN-08565,1190,train
SYN-08566,3494,test
SYN-08567,3495,train
SYN-08568,3496,test
SYN-08569,3580,train
SYN-08570,3497,validation
SYN-08571,1330,train
SYN-08572,2032,train
SYN-08573,3797,train
SYN-08574,1803,train
SYN-08575,3498,train
SYN-08576,3499,train
SYN-08577,3500,test
SYN-08578,1264,train
SYN-08579,692,train
SYN-08580,3416,train
SYN-08581,3501,train
SYN-08582,3502,train
SYN-08583,36,train
SYN-08584,36,train
SYN-08585,3503,train
SYN-08586,3504,validation
SYN-08587,3580,train
SYN-08588,3189,validation
SYN-08589,4126,train
SYN-08590,3505,train
SYN-08591,1018,train
SYN-08592,1018,train
SYN-08593,3506,validation
SYN-08594,3507,train
SYN-08595,3508,train
SYN-08596,19,train
SYN-08597,3509,train
SYN-08598,4043,train
SYN-08599,2452,train
SYN-08600,3510,train
SYN-08601,3797,train
SYN-08602,3264,test
SYN-08603,3511,train
SYN-08604,3512,train
SYN-08605,3513,train
SYN-08606,1263,train
SYN-08607,2032,train
SYN-08608,3514,validation
SYN-08609,3060,test
SYN-08610,4064,train
SYN-08611,3515,test
SYN-08612,1190,train
SYN-08613,3516,train
SYN-08614,4064,train
SYN-08615,3517,test
SYN-08616,3518,train
SYN-08617,3519,train
SYN-08618,3021,train
SYN-08619,3520,train
SYN-08620,3521,train
SYN-08621,3522,validation
SYN-08622,3495,train
SYN-08623,3189,validation
SYN-08624,3523,validation
SYN-08625,3524,validation
SYN-08626,3525,train
SYN-08627,3526,train
SYN-08628,3495,train
SYN-08629,3527,train
SYN-08630,3528,train
SYN-08631,3323,test
SYN-08632,3529,test
SYN-08633,4355,validation
SYN-08634,3530,validation
SYN-08635,49,train
SYN-08636,4043,train
SYN-08637,2101,validation
SYN-08638,3531,test
SYN-08639,112,test
SYN-08640,3323,test
SYN-08641,3532,validation
SYN-08642,2082,train
SYN-08643,4008,train
SYN-08644,3533,train
SYN-08645,3534,train
SYN-08646,472,train
SYN-08647,3535,train
SYN-08648,3536,train
SYN-08649,1330,train
SYN-08650,1801,train
SYN-08651,2999,train
SYN-08652,3471,validation
SYN-08653,3537,train
SYN-08654,535,train
SYN-08655,3538,train
SYN-08656,3580,train
SYN-08657,401,validation
SYN-08658,3189,validation
SYN-08659,3539,train
SYN-08660,3540,train
SYN-08661,4361,test
SYN-08662,3541,test
SYN-08663,200,train
SYN-08664,3542,train
SYN-08665,794,train
SYN-08666,3543,validation
SYN-08667,3264,test
SYN-08668,910,validation
SYN-08669,3544,train
SYN-08670,3545,test
SYN-08671,3546,validation
SYN-08672,3547,train
SYN-08673,2369,train
SYN-08674,3548,train
SYN-08675,2327,train
SYN-08676,3549,train
SYN-08677,496,train
SYN-08678,1330,train
SYN-08679,3550,test
SYN-08680,3551,validation
SYN-08681,3552,train
SYN-08682,3580,train
SYN-08683,1018,train
SYN-08684,200,train
SYN-08685,3553,train
SYN-08686,2811,train
SYN-08687,2313,test
SYN-08688,2850,train
SYN-08689,2656,train
SYN-08690,4366,train
SYN-08691,2611,train
SYN-08692,3554,train
SYN-08693,3555,train
SYN-08694,1190,train
SYN-08695,2079,train
SYN-08696,3556,train
SYN-08697,3557,test
SYN-08698,3471,validation
SYN-08699,3558,train
SYN-08700,3244,train
SYN-08701,3264,test
SYN-08702,3797,train
SYN-08703,3471,validation
SYN-08704,3559,train
SYN-08705,3560,train
SYN-08706,402,train
SYN-08707,265,train
SYN-08708,2032,train
SYN-08709,3244,train
SYN-08710,3468,train
SYN-08711,3561,train
SYN-08712,3562,train
SYN-08713,3563,train
SYN-08714,4355,validation
SYN-08715,3244,train
SYN-08716,36,train
SYN-08717,19,train
SYN-08718,1585,train
SYN-08719,4045,train
SYN-08720,2032,train
SYN-08721,298,validation
SYN-08722,36,train
SYN-08723,3564,train
SYN-08724,3565,train
SYN-08725,2568,validation
SYN-08726,3189,validation
SYN-08727,2041,train
SYN-08728,3566,train
SYN-08729,442,train
SYN-08730,3567,train
SYN-08731,3797,train
SYN-08732,794,train
SYN-08733,1330,train
SYN-08734,991,train
SYN-08735,1190,train
SYN-08736,3568,train
SYN-08737,634,train
SYN-08738,4064,train
SYN-08739,3244,train
SYN-08740,1585,train
SYN-08741,2452,train
SYN-08742,3495,train
SYN-08743,3569,train
SYN-08744,3570,train
SYN-08745,3495,train
SYN-08746,3571,validation
SYN-08747,1330,train
SYN-08748,4417,train
SYN-08749,2167,validation
SYN-08750,2482,test
SYN-08751,3572,validation
SYN-08752,3573,train
SYN-08753,3574,train
SYN-08754,3575,train
SYN-08755,4333,train
SYN-08756,1999,train
SYN-08757,3576,train
SYN-08758,3577,train
SYN-08759,3578,validation
SYN-08760,1801,train
SYN-08761,3189,validation
SYN-08762,206,train
SYN-08763,910,validation
SYN-08764,3264,test
SYN-08765,3021,train
SYN-08766,3579,train
SYN-08767,3580,train
SYN-08768,3581,train
SYN-08769,4008,train
SYN-08770,752,train
SYN-08771,3582,validation
SYN-08772,3244,train
SYN-08773,4045,train
SYN-08774,36,train
SYN-08775,1526,train
SYN-08776,19,train
SYN-08777,402,train
SYN-08778,2032,train
SYN-08779,2369,train
SYN-08780,3583,train
SYN-08781,3584,train
SYN-08782,1263,train
SYN-08783,3585,train
SYN-08784,3580,train
SYN-08785,3586,train
SYN-08786,3587,test
SYN-08787,3378,train
SYN-08788,694,train
SYN-08789,3588,train
SYN-08790,551,train
SYN-08791,78,train
SYN-08792,1330,train
SYN-08793,3589,train
SYN-08794,36,train
SYN-08795,179,validation
SYN-08796,3021,train
SYN-08797,3590,validation
SYN-08798,4263,train
SYN-08799,794,train
SYN-08800,2897,train
SYN-08801,4008,train
SYN-08802,1330,train
SYN-08803,939,test
SYN-08804,3591,train
SYN-08805,3592,validation
SYN-08806,3593,train
SYN-08807,3594,test
SYN-08808,3595,train
SYN-08809,3974,train
SYN-08810,3596,validation
SYN-08811,634,train
SYN-08812,3021,train
SYN-08813,3597,validation
SYN-08814,3598,train
SYN-08815,3405,train
SYN-08816,3599,train
SYN-08817,1330,train
SYN-08818,1190,train
SYN-08819,2313,test
SYN-08820,1190,train
SYN-08821,3600,validation
SYN-08822,3601,train
SYN-08823,3602,train
SYN-08824,2452,train
SYN-08825,185,test
SYN-08826,3603,train
SYN-08827,3604,train
SYN-08828,3254,validation
SYN-08829,3605,train
SYN-08830,786,train
SYN-08831,3606,train
SYN-08832,3607,train
SYN-08833,991,train
SYN-08834,3386,train
SYN-08835,3608,train
SYN-08836,3244,train
SYN-08837,2999,train
SYN-08838,3609,train
SYN-08839,3610,train
SYN-08840,3611,train
SYN-08841,3612,train
SYN-08842,2473,train
SYN-08843,2032,train
SYN-08844,3613,train
SYN-08845,3614,train
SYN-08846,3615,test
SYN-08847,1061,test
SYN-08848,3616,validation
SYN-08849,36,train
SYN-08850,3617,train
SYN-08851,239,train
SYN-08852,3618,train
SYN-08853,694,train
SYN-08854,19,train
SYN-08855,3344,validation
SYN-08856,3619,validation
SYN-08857,3620,train
SYN-08858,2032,train
SYN-08859,472,train
SYN-08860,3621,train
SYN-08861,3622,validation
SYN-08862,3623,train
SYN-08863,2156,train
SYN-08864,200,train
SYN-08865,3344,validation
SYN-08866,4546,train
SYN-08867,3624,test
SYN-08868,3625,train
SYN-08869,3626,test
SYN-08870,3627,train
SYN-08871,634,train
SYN-08872,1220,train
SYN-08873,634,train
SYN-08874,3628,train
SYN-08875,3629,validation
SYN-08876,3630,train
SYN-08877,1330,train
SYN-08878,3631,train
SYN-08879,1330,train
SYN-08880,185,test
SYN-08881,583,train
SYN-08882,2507,train
SYN-08883,3632,train
SYN-08884,3189,validation
SYN-08885,3633,train
SYN-08886,3495,train
SYN-08887,3634,test
SYN-08888,3635,validation
SYN-08889,3636,train
SYN-08890,3637,train
SYN-08891,1029,train
SYN-08892,3289,test
SYN-08893,3797,train
SYN-08894,3589,train
SYN-08895,3638,train
SYN-08896,3639,validation
SYN-08897,3640,train
SYN-08898,2482,test
SYN-08899,1699,train
SYN-08900,1018,train
SYN-08901,2630,train
SYN-08902,3641,train
SYN-08903,3580,train
SYN-08904,36,train
SYN-08905,3642,validation
SYN-08906,3643,train
SYN-08907,4355,validation
SYN-08908,4186,train
SYN-08909,3644,validation
SYN-08910,3645,validation
SYN-08911,2404,validation
SYN-08912,3646,train
SYN-08913,458,test
SYN-08914,3647,validation
SYN-08915,3648,test
SYN-08916,3264,test
SYN-08917,3649,test
SYN-08918,401,validation
SYN-08919,3650,train
SYN-08920,977,train
SYN-08921,3651,train
SYN-08922,8,train
SYN-08923,3652,train
SYN-08924,3249,train
SYN-08925,3653,validation
SYN-08926,93,train
SYN-08927,4064,train
SYN-08928,634,train
SYN-08929,200,train
SYN-08930,3992,train
SYN-08931,19,train
SYN-08932,4008,train
SYN-08933,3654,train
SYN-08934,3655,train
SYN-08935,3656,train
SYN-08936,36,train
SYN-08937,49,train
SYN-08938,3657,train
SYN-08939,3580,train
SYN-08940,3658,train
SYN-08941,3659,train
SYN-08942,3660,validation
SYN-08943,3661,train
SYN-08944,342,train
SYN-08945,3662,train
SYN-08946,3663,test
SYN-08947,1263,train
SYN-08948,3664,test
SYN-08949,3665,train
SYN-08950,1759,train
SYN-08951,569,train
SYN-08952,3666,train
SYN-08953,2437,test
SYN-08954,3471,validation
SYN-08955,3667,train
SYN-08956,3189,validation
SYN-08957,1615,train
SYN-08958,991,train
SYN-08959,786,train
SYN-08960,2638,train
SYN-08961,794,train
SYN-08962,2541,validation
SYN-08963,3668,train
SYN-08964,447,train
SYN-08965,472,train
SYN-08966,3669,train
SYN-08967,200,train
SYN-08968,4263,train
SYN-08969,4513,train
SYN-08970,3670,train
SYN-08971,3671,train
SYN-08972,3672,train
SYN-08973,3580,train
SYN-08974,3673,train
SYN-08975,2999,train
SYN-08976,3118,train
SYN-08977,3674,train
SYN-08978,3802,train
SYN-08979,343,train
SYN-08980,3264,test
SYN-08981,3675,validation
SYN-08982,3676,validation
SYN-08983,3677,train
SYN-08984,3797,train
SYN-08985,3678,test
SYN-08986,1221,validation
SYN-08987,3679,train
SYN-08988,36,train
SYN-08989,4045,train
SYN-08990,49,train
SYN-08991,3680,train
SYN-08992,3681,train
SYN-08993,3249,train
SYN-08994,634,train
SYN-08995,991,train
SYN-08996,2369,train
SYN-08997,3682,train
SYN-08998,3923,train
SYN-08999,2200,test
SYN-09000,3683,train
SYN-09001,4263,train
SYN-09002,3684,train
SYN-09003,3685,test
SYN-09004,954,test
SYN-09005,3021,train
SYN-09006,200,train
SYN-09007,472,train
SYN-09008,4043,train
SYN-09009,733,train
SYN-09010,2313,test
SYN-09011,3686,train
SYN-09012,2452,train
SYN-09013,3471,validation
SYN-09014,991,train
SYN-09015,4263,train
SYN-09016,3189,validation
SYN-09017,1190,train
SYN-09018,3687,test
SYN-09019,3688,train
SYN-09020,3689,train
SYN-09021,3690,train
SYN-09022,3471,validation
SYN-09023,3244,train
SYN-09024,3691,train
SYN-09025,200,train
SYN-09026,3692,test
SYN-09027,3693,train
SYN-09028,36,train
SYN-09029,49,train
SYN-09030,4043,train
SYN-09031,1263,train
SYN-09032,3694,train
SYN-09033,200,train
SYN-09034,3580,train
SYN-09035,3695,train
SYN-09036,3696,train
SYN-09037,3697,train
SYN-09038,200,train
SYN-09039,3698,train
SYN-09040,634,train
SYN-09041,3471,validation
SYN-09042,1061,test
SYN-09043,3856,train
SYN-09044,607,train
SYN-09045,3699,train
SYN-09046,3700,validation
SYN-09047,3189,validation
SYN-09048,3701,train
SYN-09049,3702,train
SYN-09050,49,train
SYN-09051,3703,train
SYN-09052,2032,train
SYN-09053,3704,train
SYN-09054,3189,validation
SYN-09055,3705,train
SYN-09056,3706,train
SYN-09057,1330,train
SYN-09058,3386,train
SYN-09059,3707,test
SYN-09060,3708,test
SYN-09061,200,train
SYN-09062,1330,train
SYN-09063,3709,train
SYN-09064,3710,validation
SYN-09065,3711,test
SYN-09066,1330,train
SYN-09067,3712,test
SYN-09068,3713,train
SYN-09069,3714,train
SYN-09070,3715,train
SYN-09071,2285,test
SYN-09072,102,train
SYN-09073,36,train
SYN-09074,2032,train
SYN-09075,2436,train
SYN-09076,2492,train
SYN-09077,3716,train
SYN-09078,991,train
SYN-09079,794,train
SYN-09080,3717,train
SYN-09081,36,train
SYN-09082,3718,train
SYN-09083,3719,train
SYN-09084,3720,train
SYN-09085,3721,train
SYN-09086,3722,train
SYN-09087,3723,test
SYN-09088,3724,validation
SYN-09089,794,train
SYN-09090,3725,validation
SYN-09091,3726,train
SYN-09092,1190,train
SYN-09093,19,train
SYN-09094,3727,train
SYN-09095,3728,train
SYN-09096,3729,train
SYN-09097,2327,train
SYN-09098,36,train
SYN-09099,551,train
SYN-09100,3730,train
SYN-09101,3731,test
SYN-09102,3732,test
SYN-09103,2369,train
SYN-09104,3189,validation
SYN-09105,2437,test
SYN-09106,3733,test
SYN-09107,855,train
SYN-09108,991,train
SYN-09109,3734,train
SYN-09110,3735,train
SYN-09111,3736,train
SYN-09112,3737,train
SYN-09113,3738,train
SYN-09114,266,train
SYN-09115,3739,train
SYN-09116,343,train
SYN-09117,991,train
SYN-09118,2736,validation
SYN-09119,3740,train
SYN-09120,298,validation
SYN-09121,1801,train
SYN-09122,3741,train
SYN-09123,2369,train
SYN-09124,2615,train
SYN-09125,3742,validation
SYN-09126,1806,test
SYN-09127,1221,validation
SYN-09128,3743,test
SYN-09129,2327,train
SYN-09130,3021,train
SYN-09131,2032,train
SYN-09132,3189,validation
SYN-09133,3744,test
SYN-09134,2032,train
SYN-09135,2179,train
SYN-09136,2515,test
SYN-09137,3745,train
SYN-09138,3746,test
SYN-09139,3747,train
SYN-09140,3748,train
SYN-09141,3749,test
SYN-09142,3750,train
SYN-09143,1018,train
SYN-09144,1125,train
SYN-09145,200,train
SYN-09146,3751,train
SYN-09147,3752,train
SYN-09148,752,train
SYN-09149,3753,validation
SYN-09150,2232,validation
SYN-09151,3754,test
SYN-09152,977,train
SYN-09153,3495,train
SYN-09154,4523,validation
SYN-09155,2780,validation
SYN-09156,171,train
SYN-09157,3755,train
SYN-09158,185,test
SYN-09159,3756,test
SYN-09160,1831,test
SYN-09161,4043,train
SYN-09162,2015,train
SYN-09163,3580,train
SYN-09164,3189,validation
SYN-09165,1507,train
SYN-09166,4045,train
SYN-09167,1190,train
SYN-09168,1263,train
SYN-09169,3264,test
SYN-09170,1018,train
SYN-09171,3757,train
SYN-09172,1042,train
SYN-09173,3805,train
SYN-09174,1263,train
SYN-09175,3758,train
SYN-09176,3759,train
SYN-09177,4064,train
SYN-09178,3760,train
SYN-09179,1190,train
SYN-09180,3761,test
SYN-09181,3762,train
SYN-09182,36,train
SYN-09183,3763,train
SYN-09184,3764,train
SYN-09185,2790,test
SYN-09186,1891,test
SYN-09187,3765,train
SYN-09188,3766,test
SYN-09189,3767,train
SYN-09190,466,train
SYN-09191,3386,train
SYN-09192,1831,test
SYN-09193,1230,train
SYN-09194,3768,train
SYN-09195,813,test
SYN-09196,200,train
SYN-09197,3769,train
SYN-09198,3189,validation
SYN-09199,3770,validation
SYN-09200,4008,train
SYN-09201,3771,train
SYN-09202,3772,train
SYN-09203,3495,train
SYN-09204,2101,validation
SYN-09205,3773,test
SYN-09206,3471,validation
SYN-09207,3774,validation
SYN-09208,200,train
SYN-09209,3580,train
SYN-09210,49,train
SYN-09211,991,train
SYN-09212,2032,train
SYN-09213,3775,train
SYN-09214,298,validation
SYN-09215,3776,train
SYN-09216,3244,train
SYN-09217,4008,train
SYN-09218,1030,validation
SYN-09219,3777,train
SYN-09220,3778,validation
SYN-09221,3779,test
SYN-09222,3426,train
SYN-09223,3780,train
SYN-09224,3781,train
SYN-09225,2482,test
SYN-09226,991,train
SYN-09227,3782,train
SYN-09228,1927,train
SYN-09229,3783,train
SYN-09230,472,train
SYN-09231,3784,validation
SYN-09232,3785,validation
SYN-09233,3786,train
SYN-09234,200,train
SYN-09235,3787,train
SYN-09236,3302,train
SYN-09237,634,train
SYN-09238,3797,train
SYN-09239,3788,test
SYN-09240,36,train
SYN-09241,1149,test
SYN-09242,1585,train
SYN-09243,3789,test
SYN-09244,719,train
SYN-09245,3790,train
SYN-09246,3791,test
SYN-09247,3344,validation
SYN-09248,3792,train
SYN-09249,3793,train
SYN-09250,3794,train
SYN-09251,3795,test
SYN-09252,2032,train
SYN-09253,3796,validation
SYN-09254,1460,train
SYN-09255,3797,train
SYN-09256,3189,validation
SYN-09257,3798,train
SYN-09258,4064,train
SYN-09259,3799,train
SYN-09260,3800,validation
SYN-09261,293,train
SYN-09262,3801,train
SYN-09263,4270,train
SYN-09264,298,validation
SYN-09265,1891,test
SYN-09266,2319,train
SYN-09267,1264,train
SYN-09268,3249,train
SYN-09269,1237,train
SYN-09270,78,train
SYN-09271,3189,validation
SYN-09272,3802,train
SYN-09273,1330,train
SYN-09274,1190,train
SYN-09275,3580,train
SYN-09276,3048,validation
SYN-09277,3803,test
SYN-09278,3804,train
SYN-09279,19,train
SYN-09280,76,train
SYN-09281,3805,train
SYN-09282,2949,test
SYN-09283,3806,train
SYN-09284,3807,train
SYN-09285,2452,train
SYN-09286,2123,train
SYN-09287,3060,test
SYN-09288,3797,train
SYN-09289,3495,train
SYN-09290,3808,validation
SYN-09291,3809,test
SYN-09292,3344,validation
SYN-09293,3810,train
SYN-09294,3811,train
SYN-09295,3580,train
SYN-09296,692,train
SYN-09297,3812,train
SYN-09298,1421,train
SYN-09299,3813,train
SYN-09300,4227,train
SYN-09301,521,train
SYN-09302,3580,train
SYN-09303,3814,test
SYN-09304,3189,validation
SYN-09305,3815,test
SYN-09306,472,train
SYN-09307,3850,test
SYN-09308,3506,validation
SYN-09309,3816,validation
SYN-09310,1585,train
SYN-09311,2482,test
SYN-09312,3817,validation
SYN-09313,3818,train
SYN-09314,3819,validation
SYN-09315,3820,train
SYN-09316,4045,train
SYN-09317,1874,train
SYN-09318,2026,train
SYN-09319,4253,train
SYN-09320,1831,test
SYN-09321,3821,train
SYN-09322,3822,train
SYN-09323,2437,test
SYN-09324,49,train
SYN-09325,3823,validation
SYN-09326,36,train
SYN-09327,4047,train
SYN-09328,910,validation
SYN-09329,2850,train
SYN-09330,3021,train
SYN-09331,3580,train
SYN-09332,2404,validation
SYN-09333,3824,train
SYN-09334,1973,train
SYN-09335,1330,train
SYN-09336,2736,validation
SYN-09337,1891,test
SYN-09338,3825,train
SYN-09339,3826,train
SYN-09340,4064,train
SYN-09341,3827,train
SYN-09342,3828,train
SYN-09343,3580,train
SYN-09344,3829,train
SYN-09345,321,train
SYN-09346,1299,train
SYN-09347,2980,train
SYN-09348,3830,train
SYN-09349,2980,train
SYN-09350,19,train
SYN-09351,185,test
SYN-09352,3831,validation
SYN-09353,3832,test
SYN-09354,3495,train
SYN-09355,3833,train
SYN-09356,3189,validation
SYN-09357,4438,test
SYN-09358,3264,test
SYN-09359,3021,train
SYN-09360,3834,train
SYN-09361,3439,test
SYN-09362,3835,train
SYN-09363,1330,train
SYN-09364,200,train
SYN-09365,3836,train
SYN-09366,3837,train
SYN-09367,3838,train
SYN-09368,3839,train
SYN-09369,3840,validation
SYN-09370,414,train
SYN-09371,4214,train
SYN-09372,1831,test
SYN-09373,3841,train
SYN-09374,3842,train
SYN-09375,1330,train
SYN-09376,3843,train
SYN-09377,3844,test
SYN-09378,3845,train
SYN-09379,3495,train
SYN-09380,2579,train
SYN-09381,3846,train
SYN-09382,954,test
SYN-09383,729,train
SYN-09384,3847,train
SYN-09385,3848,train
SYN-09386,3849,train
SYN-09387,2032,train
SYN-09388,928,train
SYN-09389,3189,validation
SYN-09390,3850,test
SYN-09391,3741,train
SYN-09392,786,train
SYN-09393,4008,train
SYN-09394,3851,train
SYN-09395,3852,train
SYN-09396,504,validation
SYN-09397,4217,validation
SYN-09398,3853,train
SYN-09399,2901,train
SYN-09400,3580,train
SYN-09401,3854,train
SYN-09402,3855,train
SYN-09403,1460,train
SYN-09404,262,train
SYN-09405,3856,train
SYN-09406,3877,validation
SYN-09407,3857,train
SYN-09408,2032,train
SYN-09409,3858,test
SYN-09410,3859,test
SYN-09411,2482,test
SYN-09412,19,train
SYN-09413,3860,train
SYN-09414,36,train
SYN-09415,2811,train
SYN-09416,551,train
SYN-09417,3861,validation
SYN-09418,3021,train
SYN-09419,472,train
SYN-09420,3862,validation
SYN-09421,3863,test
SYN-09422,1263,train
SYN-09423,442,train
SYN-09424,3471,validation
SYN-09425,4144,train
SYN-09426,472,train
SYN-09427,3864,train
SYN-09428,4085,train
SYN-09429,991,train
SYN-09430,3865,train
SYN-09431,1903,train
SYN-09432,36,train
SYN-09433,3323,test
SYN-09434,1124,train
SYN-09435,3292,train
SYN-09436,3866,train
SYN-09437,4043,train
SYN-09438,3867,test
SYN-09439,3868,train
SYN-09440,3869,train
SYN-09441,1190,train
SYN-09442,2032,train
SYN-09443,3693,train
SYN-09444,1803,train
SYN-09445,3870,train
SYN-09446,200,train
SYN-09447,3407,train
SYN-09448,3264,test
SYN-09449,3458,validation
SYN-09450,200,train
SYN-09451,4263,train
SYN-09452,3249,train
SYN-09453,4186,train
SYN-09454,3871,train
SYN-09455,49,train
SYN-09456,1190,train
SYN-09457,200,train
SYN-09458,249,train
SYN-09459,4144,train
SYN-09460,3872,train
SYN-09461,3580,train
SYN-09462,794,train
SYN-09463,3873,validation
SYN-09464,3021,train
SYN-09465,3874,train
SYN-09466,3875,train
SYN-09467,991,train
SYN-09468,476,train
SYN-09469,1125,train
SYN-09470,3876,train
SYN-09471,3877,validation
SYN-09472,3264,test
SYN-09473,3878,train
SYN-09474,1263,train
SYN-09475,3879,validation
SYN-09476,3880,train
SYN-09477,2022,train
SYN-09478,3881,train
SYN-09479,3580,train
SYN-09480,3882,validation
SYN-09481,3883,train
SYN-09482,3884,validation
SYN-09483,634,train
SYN-09484,3885,validation
SYN-09485,3116,validation
SYN-09486,740,train
SYN-09487,3244,train
SYN-09488,4101,train
SYN-09489,3886,train
SYN-09490,2949,test
SYN-09491,3887,train
SYN-09492,1547,train
SYN-09493,2999,train
SYN-09494,3888,train
SYN-09495,3889,test
SYN-09496,616,train
SYN-09497,3890,train
SYN-09498,472,train
SYN-09499,3891,train
SYN-09500,3797,train
SYN-09501,1190,train
SYN-09502,3264,test
SYN-09503,3797,train
SYN-09504,3892,validation
SYN-09505,3893,train
SYN-09506,3264,test
SYN-09507,1125,train
SYN-09508,3894,test
SYN-09509,4045,train
SYN-09510,3895,train
SYN-09511,634,train
SYN-09512,36,train
SYN-09513,1263,train
SYN-09514,3896,train
SYN-09515,78,train
SYN-09516,2079,train
SYN-09517,3897,train
SYN-09518,3898,train
SYN-09519,890,test
SYN-09520,3899,train
SYN-09521,3900,train
SYN-09522,551,train
SYN-09523,2032,train
SYN-09524,736,train
SYN-09525,3264,test
SYN-09526,813,test
SYN-09527,3901,test
SYN-09528,3580,train
SYN-09529,3902,train
SYN-09530,3903,train
SYN-09531,3904,train
SYN-09532,2032,train
SYN-09533,1372,validation
SYN-09534,2999,train
SYN-09535,3021,train
SYN-09536,3905,test
SYN-09537,298,validation
SYN-09538,3906,test
SYN-09539,4064,train
SYN-09540,81,train
SYN-09541,3907,train
SYN-09542,3908,train
SYN-09543,1018,train
SYN-09544,1480,train
SYN-09545,3244,train
SYN-09546,3244,train
SYN-09547,3909,train
SYN-09548,3910,validation
SYN-09549,3911,train
SYN-09550,4230,train
SYN-09551,36,train
SYN-09552,3912,train
SYN-09553,2079,train
SYN-09554,3913,train
SYN-09555,3914,validation
SYN-09556,3915,validation
SYN-09557,3916,train
SYN-09558,3360,train
SYN-09559,298,validation
SYN-09560,3917,train
SYN-09561,472,train
SYN-09562,3974,train
SYN-09563,2313,test
SYN-09564,3918,train
SYN-09565,3919,train
SYN-09566,49,train
SYN-09567,694,train
SYN-09568,3920,train
SYN-09569,200,train
SYN-09570,3921,train
SYN-09571,4064,train
SYN-09572,2482,test
SYN-09573,3922,train
SYN-09574,2192,train
SYN-09575,1713,train
SYN-09576,401,validation
SYN-09577,3259,test
SYN-09578,3189,validation
SYN-09579,3386,train
SYN-09580,1042,train
SYN-09581,57,train
SYN-09582,200,train
SYN-09583,3923,train
SYN-09584,3924,test
SYN-09585,3925,train
SYN-09586,3926,validation
SYN-09587,3927,train
SYN-09588,3928,validation
SYN-09589,2267,validation
SYN-09590,3929,train
SYN-09591,1190,train
SYN-09592,3122,train
SYN-09593,3930,validation
SYN-09594,3931,train
SYN-09595,3932,train
SYN-09596,2232,validation
SYN-09597,3933,train
SYN-09598,2482,test
SYN-09599,3244,train
SYN-09600,3934,train
SYN-09601,3935,test
SYN-09602,3936,train
SYN-09603,2811,train
SYN-09604,2369,train
SYN-09605,3937,train
SYN-09606,3524,validation
SYN-09607,3938,train
SYN-09608,49,train
SYN-09609,3939,train
SYN-09610,3495,train
SYN-09611,3940,test
SYN-09612,1831,test
SYN-09613,954,test
SYN-09614,3580,train
SYN-09615,3941,test
SYN-09616,3942,test
SYN-09617,288,train
SYN-09618,3580,train
SYN-09619,3943,train
SYN-09620,2327,train
SYN-09621,3944,train
SYN-09622,239,train
SYN-09623,1330,train
SYN-09624,3945,train
SYN-09625,634,train
SYN-09626,3946,train
SYN-09627,2313,test
SYN-09628,2079,train
SYN-09629,3947,test
SYN-09630,10,test
SYN-09631,672,validation
SYN-09632,3948,train
SYN-09633,3949,train
SYN-09634,2939,train
SYN-09635,2032,train
SYN-09636,36,train
SYN-09637,752,train
SYN-09638,472,train
SYN-09639,4045,train
SYN-09640,185,test
SYN-09641,2079,train
SYN-09642,3471,validation
SYN-09643,1831,test
SYN-09644,4064,train
SYN-09645,2319,train
SYN-09646,1000,test
SYN-09647,3950,train
SYN-09648,3951,train
SYN-09649,3580,train
SYN-09650,3952,validation
SYN-09651,1061,test
SYN-09652,3953,test
SYN-09653,4043,train
SYN-09654,3954,validation
SYN-09655,1275,train
SYN-09656,3955,train
SYN-09657,36,train
SYN-09658,2939,train
SYN-09659,3956,train
SYN-09660,3957,train
SYN-09661,3958,train
SYN-09662,405,train
SYN-09663,3959,validation
SYN-09664,3960,validation
SYN-09665,36,train
SYN-09666,3961,train
SYN-09667,49,train
SYN-09668,3962,train
SYN-09669,2411,train
SYN-09670,3963,test
SYN-09671,3264,test
SYN-09672,3964,train
SYN-09673,3965,train
SYN-09674,3966,train
SYN-09675,472,train
SYN-09676,2327,train
SYN-09677,3967,train
SYN-09678,991,train
SYN-09679,3968,train
SYN-09680,3416,train
SYN-09681,361,validation
SYN-09682,3969,train
SYN-09683,3970,train
SYN-09684,2032,train
SYN-09685,3971,train
SYN-09686,1736,test
SYN-09687,1264,train
SYN-09688,256,train
SYN-09689,3972,train
SYN-09690,2319,train
SYN-09691,3973,train
SYN-09692,2452,train
SYN-09693,3974,train
SYN-09694,752,train
SYN-09695,3975,train
SYN-09696,3797,train
SYN-09697,3976,train
SYN-09698,3977,test
SYN-09699,4263,train
SYN-09700,1153,train
SYN-09701,1296,train
SYN-09702,3978,validation
SYN-09703,3471,validation
SYN-09704,2482,test
SYN-09705,3979,train
SYN-09706,36,train
SYN-09707,551,train
SYN-09708,3797,train
SYN-09709,1693,train
SYN-09710,3980,train
SYN-09711,4020,train
SYN-09712,3981,train
SYN-09713,49,train
SYN-09714,3982,train
SYN-09715,3983,test
SYN-09716,4043,train
SYN-09717,4343,validation
SYN-09718,1061,test
SYN-09719,1585,train
SYN-09720,3076,train
SYN-09721,1018,train
SYN-09722,3984,train
SYN-09723,2452,train
SYN-09724,3797,train
SYN-09725,49,train
SYN-09726,3985,validation
SYN-09727,3264,test
SYN-09728,1061,test
SYN-09729,3021,train
SYN-09730,3986,train
SYN-09731,3987,train
SYN-09732,3988,train
SYN-09733,991,train
SYN-09734,3989,train
SYN-09735,3990,test
SYN-09736,3991,train
SYN-09737,3992,train
SYN-09738,3993,test
SYN-09739,239,train
SYN-09740,3994,train
SYN-09741,4263,train
SYN-09742,3995,train
SYN-09743,3996,train
SYN-09744,3997,train
SYN-09745,3998,validation
SYN-09746,2015,train
SYN-09747,3999,train
SYN-09748,428,test
SYN-09749,36,train
SYN-09750,509,train
SYN-09751,4000,train
SYN-09752,2328,test
SYN-09753,752,train
SYN-09754,4001,train
SYN-09755,36,train
SYN-09756,2369,train
SYN-09757,1777,validation
SYN-09758,4002,validation
SYN-09759,2313,test
SYN-09760,3264,test
SYN-09761,4003,train
SYN-09762,278,train
SYN-09763,4043,train
SYN-09764,4004,train
SYN-09765,4005,train
SYN-09766,991,train
SYN-09767,1125,train
SYN-09768,4006,train
SYN-09769,4144,train
SYN-09770,4007,train
SYN-09771,4008,train
SYN-09772,4009,train
SYN-09773,4010,train
SYN-09774,192,train
SYN-09775,781,train
SYN-09776,317,train
SYN-09777,4011,train
SYN-09778,4012,train
SYN-09779,4013,train
SYN-09780,4014,train
SYN-09781,472,train
SYN-09782,608,validation
SYN-09783,2790,test
SYN-09784,4015,train
SYN-09785,67,train
SYN-09786,4016,train
SYN-09787,4017,train
SYN-09788,4018,train
SYN-09789,1831,test
SYN-09790,954,test
SYN-09791,4019,train
SYN-09792,79,train
SYN-09793,4020,train
SYN-09794,2032,train
SYN-09795,3797,train
SYN-09796,4021,test
SYN-09797,4022,train
SYN-09798,3471,validation
SYN-09799,1668,test
SYN-09800,4023,test
SYN-09801,1330,train
SYN-09802,794,train
SYN-09803,2192,train
SYN-09804,4024,train
SYN-09805,4523,validation
SYN-09806,4025,validation
SYN-09807,2452,train
SYN-09808,4263,train
SYN-09809,200,train
SYN-09810,4026,train
SYN-09811,4027,train
SYN-09812,2482,test
SYN-09813,791,train
SYN-09814,4028,train
SYN-09815,4029,validation
SYN-09816,1190,train
SYN-09817,4030,train
SYN-09818,1018,train
SYN-09819,991,train
SYN-09820,2032,train
SYN-09821,49,train
SYN-09822,4031,train
SYN-09823,102,train
SYN-09824,36,train
SYN-09825,4032,test
SYN-09826,200,train
SYN-09827,991,train
SYN-09828,4033,test
SYN-09829,4034,train
SYN-09830,4020,train
SYN-09831,1981,train
SYN-09832,4035,train
SYN-09833,49,train
SYN-09834,3495,train
SYN-09835,1018,train
SYN-09836,4036,train
SYN-09837,2831,test
SYN-09838,4037,train
SYN-09839,4355,validation
SYN-09840,2897,train
SYN-09841,4038,train
SYN-09842,1212,train
SYN-09843,4483,train
SYN-09844,3189,validation
SYN-09845,4039,test
SYN-09846,36,train
SYN-09847,4040,train
SYN-09848,4041,train
SYN-09849,4104,validation
SYN-09850,991,train
SYN-09851,4042,train
SYN-09852,4043,train
SYN-09853,813,test
SYN-09854,200,train
SYN-09855,4044,train
SYN-09856,4045,train
SYN-09857,4046,train
SYN-09858,1190,train
SYN-09859,472,train
SYN-09860,3580,train
SYN-09861,3021,train
SYN-09862,4047,train
SYN-09863,3407,train
SYN-09864,49,train
SYN-09865,200,train
SYN-09866,752,train
SYN-09867,3021,train
SYN-09868,3257,train
SYN-09869,3189,validation
SYN-09870,4048,train
SYN-09871,1061,test
SYN-09872,504,validation
SYN-09873,1264,train
SYN-09874,805,train
SYN-09875,185,test
SYN-09876,3466,train
SYN-09877,4049,train
SYN-09878,1803,train
SYN-09879,4050,train
SYN-09880,4051,train
SYN-09881,361,validation
SYN-09882,4052,train
SYN-09883,3066,train
SYN-09884,991,train
SYN-09885,4053,train
SYN-09886,4054,validation
SYN-09887,4055,validation
SYN-09888,4056,train
SYN-09889,200,train
SYN-09890,4057,train
SYN-09891,472,train
SYN-09892,3580,train
SYN-09893,2999,train
SYN-09894,2584,train
SYN-09895,4058,validation
SYN-09896,794,train
SYN-09897,794,train
SYN-09898,4064,train
SYN-09899,336,train
SYN-09900,4059,test
SYN-09901,4060,train
SYN-09902,3580,train
SYN-09903,19,train
SYN-09904,3580,train
SYN-09905,3580,train
SYN-09906,4061,test
SYN-09907,736,train
SYN-09908,3244,train
SYN-09909,3471,validation
SYN-09910,4062,test
SYN-09911,4063,train
SYN-09912,4064,train
SYN-09913,4065,train
SYN-09914,4066,test
SYN-09915,4067,train
SYN-09916,4270,train
SYN-09917,4068,test
SYN-09918,49,train
SYN-09919,3348,train
SYN-09920,4069,train
SYN-09921,4070,train
SYN-09922,2999,train
SYN-09923,4071,validation
SYN-09924,4072,train
SYN-09925,3548,train
SYN-09926,1894,train
SYN-09927,991,train
SYN-09928,4073,train
SYN-09929,2032,train
SYN-09930,4074,train
SYN-09931,4075,train
SYN-09932,4076,test
SYN-09933,3590,validation
SYN-09934,4077,train
SYN-09935,991,train
SYN-09936,4078,train
SYN-09937,4079,train
SYN-09938,3189,validation
SYN-09939,200,train
SYN-09940,2135,train
SYN-09941,4080,train
SYN-09942,4081,train
SYN-09943,4082,train
SYN-09944,3264,test
SYN-09945,4083,validation
SYN-09946,3580,train
SYN-09947,4043,train
SYN-09948,4084,train
SYN-09949,1831,test
SYN-09950,4085,train
SYN-09951,1190,train
SYN-09952,361,validation
SYN-09953,1599,train
SYN-09954,4086,validation
SYN-09955,1190,train
SYN-09956,692,train
SYN-09957,1887,test
SYN-09958,2369,train
SYN-09959,4087,test
SYN-09960,46,test
SYN-09961,196,test
SYN-09962,239,train
SYN-09963,4088,test
SYN-09964,36,train
SYN-09965,2999,train
SYN-09966,4089,test
SYN-09967,4090,train
SYN-09968,4091,train
SYN-09969,4092,validation
SYN-09970,3249,train
SYN-09971,4093,train
SYN-09972,49,train
SYN-09973,112,test
SYN-09974,3189,validation
SYN-09975,2452,train
SYN-09976,4253,train
SYN-09977,4094,validation
SYN-09978,2032,train
SYN-09979,4095,validation
SYN-09980,36,train
SYN-09981,4096,train
SYN-09982,4097,train
SYN-09983,4098,validation
SYN-09984,1330,train
SYN-09985,4099,test
SYN-09986,4100,train
SYN-09987,4101,train
SYN-09988,2452,train
SYN-09989,4102,train
SYN-09990,3495,train
SYN-09991,36,train
SYN-09992,4103,train
SYN-09993,2779,train
SYN-09994,928,train
SYN-09995,4104,validation
SYN-09996,4105,validation
SYN-09997,4106,train
SYN-09998,4107,test
SYN-09999,3344,validation
SYN-10000,298,validation
SYN-10001,786,train
SYN-10002,1330,train
SYN-10003,4108,train
SYN-10004,2362,train
SYN-10005,4203,test
SYN-10006,3249,train
SYN-10007,1330,train
SYN-10008,4109,train
SYN-10009,4110,validation
SYN-10010,2999,train
SYN-10011,4111,train
SYN-10012,4112,validation
SYN-10013,434,train
SYN-10014,309,validation
SYN-10015,4113,train
SYN-10016,4064,train
SYN-10017,1018,train
SYN-10018,4114,test
SYN-10019,4115,validation
SYN-10020,4116,train
SYN-10021,2639,test
SYN-10022,4117,test
SYN-10023,4118,train
SYN-10024,2032,train
SYN-10025,4119,test
SYN-10026,2722,validation
SYN-10027,4120,validation
SYN-10028,3471,validation
SYN-10029,3503,train
SYN-10030,4150,train
SYN-10031,4121,train
SYN-10032,4122,train
SYN-10033,4123,train
SYN-10034,472,train
SYN-10035,4124,train
SYN-10036,4125,train
SYN-10037,3495,train
SYN-10038,4126,train
SYN-10039,4127,train
SYN-10040,200,train
SYN-10041,4128,train
SYN-10042,4129,train
SYN-10043,4064,train
SYN-10044,4130,train
SYN-10045,4131,train
SYN-10046,3471,validation
SYN-10047,4132,train
SYN-10048,4133,train
SYN-10049,4043,train
SYN-10050,794,train
SYN-10051,200,train
SYN-10052,4134,validation
SYN-10053,239,train
SYN-10054,3580,train
SYN-10055,2079,train
SYN-10056,4135,validation
SYN-10057,4136,test
SYN-10058,2167,validation
SYN-10059,2999,train
SYN-10060,4137,train
SYN-10061,4138,train
SYN-10062,1011,train
SYN-10063,1919,train
SYN-10064,3693,train
SYN-10065,1330,train
SYN-10066,4328,train
SYN-10067,1018,train
SYN-10068,3580,train
SYN-10069,2939,train
SYN-10070,4043,train
SYN-10071,4139,validation
SYN-10072,401,validation
SYN-10073,2369,train
SYN-10074,4045,train
SYN-10075,2135,train
SYN-10076,4140,train
SYN-10077,49,train
SYN-10078,4141,train
SYN-10079,752,train
SYN-10080,472,train
SYN-10081,1190,train
SYN-10082,4142,validation
SYN-10083,4143,train
SYN-10084,2482,test
SYN-10085,4144,train
SYN-10086,239,train
SYN-10087,4145,train
SYN-10088,4146,train
SYN-10089,991,train
SYN-10090,36,train
SYN-10091,4147,train
SYN-10092,4148,test
SYN-10093,4149,train
SYN-10094,4150,train
SYN-10095,4044,train
SYN-10096,813,test
SYN-10097,4151,train
SYN-10098,4152,train
SYN-10099,4153,validation
SYN-10100,4154,train
SYN-10101,736,train
SYN-10102,2032,train
SYN-10103,3254,validation
SYN-10104,4155,train
SYN-10105,4156,validation
SYN-10106,4157,train
SYN-10107,4158,train
SYN-10108,4159,train
SYN-10109,4160,validation
SYN-10110,4161,train
SYN-10111,4162,train
SYN-10112,4163,test
SYN-10113,4164,test
SYN-10114,4165,train
SYN-10115,4043,train
SYN-10116,36,train
SYN-10117,4166,train
SYN-10118,4167,train
SYN-10119,379,train
SYN-10120,4168,validation
SYN-10121,4169,train
SYN-10122,4170,train
SYN-10123,2482,test
SYN-10124,4064,train
SYN-10125,2313,test
SYN-10126,36,train
SYN-10127,265,train
SYN-10128,4171,train
SYN-10129,4172,validation
SYN-10130,2482,test
SYN-10131,4173,validation
SYN-10132,4174,train
SYN-10133,3797,train
SYN-10134,4175,test
SYN-10135,4176,train
SYN-10136,991,train
SYN-10137,36,train
SYN-10138,991,train
SYN-10139,1190,train
SYN-10140,36,train
SYN-10141,3580,train
SYN-10142,4177,train
SYN-10143,3264,test
SYN-10144,1153,train
SYN-10145,4178,train
SYN-10146,3580,train
SYN-10147,4179,test
SYN-10148,2140,train
SYN-10149,1330,train
SYN-10150,4180,train
SYN-10151,4043,train
SYN-10152,3189,validation
SYN-10153,4181,validation
SYN-10154,1330,train
SYN-10155,179,validation
SYN-10156,692,train
SYN-10157,2900,train
SYN-10158,4182,train
SYN-10159,4183,train
SYN-10160,4184,train
SYN-10161,4185,train
SYN-10162,2032,train
SYN-10163,3797,train
SYN-10164,4186,train
SYN-10165,4187,train
SYN-10166,4188,train
SYN-10167,3183,train
SYN-10168,4189,test
SYN-10169,4190,train
SYN-10170,3797,train
SYN-10171,4191,train
SYN-10172,4192,train
SYN-10173,36,train
SYN-10174,4193,train
SYN-10175,4194,train
SYN-10176,2482,test
SYN-10177,4195,train
SYN-10178,4196,train
SYN-10179,786,train
SYN-10180,813,test
SYN-10181,3797,train
SYN-10182,4197,test
SYN-10183,3417,train
SYN-10184,4198,train
SYN-10185,4199,train
SYN-10186,4200,train
SYN-10187,3344,validation
SYN-10188,2032,train
SYN-10189,4201,train
SYN-10190,3120,train
SYN-10191,4202,train
SYN-10192,4203,test
SYN-10193,4204,train
SYN-10194,786,train
SYN-10195,4205,train
SYN-10196,3189,validation
SYN-10197,375,test
SYN-10198,4206,train
SYN-10199,3471,validation
SYN-10200,4207,train
SYN-10201,1182,test
SYN-10202,719,train
SYN-10203,4208,train
SYN-10204,4209,train
SYN-10205,3580,train
SYN-10206,36,train
SYN-10207,4210,train
SYN-10208,3021,train
SYN-10209,4211,train
SYN-10210,4212,train
SYN-10211,2914,test
SYN-10212,4213,validation
SYN-10213,813,test
SYN-10214,4214,train
SYN-10215,4215,train
SYN-10216,4216,train
SYN-10217,3242,train
SYN-10218,4043,train
SYN-10219,4217,validation
SYN-10220,4218,train
SYN-10221,321,train
SYN-10222,634,train
SYN-10223,4064,train
SYN-10224,3797,train
SYN-10225,1190,train
SYN-10226,4219,test
SYN-10227,200,train
SYN-10228,4220,validation
SYN-10229,4221,train
SYN-10230,4222,train
SYN-10231,3244,train
SYN-10232,1018,train
SYN-10233,4223,validation
SYN-10234,991,train
SYN-10235,4224,train
SYN-10236,4225,train
SYN-10237,4226,validation
SYN-10238,4227,train
SYN-10239,4228,train
SYN-10240,4229,train
SYN-10241,2811,train
SYN-10242,216,train
SYN-10243,4230,train
SYN-10244,4045,train
SYN-10245,2032,train
SYN-10246,736,train
SYN-10247,4008,train
SYN-10248,4231,train
SYN-10249,4232,test
SYN-10250,2459,validation
SYN-10251,3854,train
SYN-10252,4233,train
SYN-10253,102,train
SYN-10254,4064,train
SYN-10255,4234,train
SYN-10256,1190,train
SYN-10257,4235,train
SYN-10258,2135,train
SYN-10259,4236,train
SYN-10260,858,train
SYN-10261,4237,train
SYN-10262,239,train
SYN-10263,4238,validation
SYN-10264,4523,validation
SYN-10265,200,train
SYN-10266,472,train
SYN-10267,2032,train
SYN-10268,185,test
SYN-10269,2032,train
SYN-10270,1131,train
SYN-10271,4239,train
SYN-10272,4240,train
SYN-10273,2032,train
SYN-10274,650,train
SYN-10275,4241,train
SYN-10276,634,train
SYN-10277,3807,train
SYN-10278,4242,train
SYN-10279,4243,train
SYN-10280,36,train
SYN-10281,3407,train
SYN-10282,4244,train
SYN-10283,4245,train
SYN-10284,3021,train
SYN-10285,4246,test
SYN-10286,4247,train
SYN-10287,2032,train
SYN-10288,2452,train
SYN-10289,452,train
SYN-10290,2811,train
SYN-10291,2369,train
SYN-10292,4248,validation
SYN-10293,2313,test
SYN-10294,4249,train
SYN-10295,4250,train
SYN-10296,4251,test
SYN-10297,182,train
SYN-10298,3244,train
SYN-10299,4537,train
SYN-10300,2482,test
SYN-10301,93,train
SYN-10302,1718,train
SYN-10303,4252,train
SYN-10304,4253,train
SYN-10305,2515,test
SYN-10306,4254,train
SYN-10307,3021,train
SYN-10308,4255,train
SYN-10309,4256,test
SYN-10310,200,train
SYN-10311,4257,train
SYN-10312,4258,train
SYN-10313,4259,train
SYN-10314,2713,train
SYN-10315,3797,train
SYN-10316,4260,train
SYN-10317,4261,train
SYN-10318,1330,train
SYN-10319,4262,train
SYN-10320,4263,train
SYN-10321,4264,train
SYN-10322,2176,validation
SYN-10323,4263,train
SYN-10324,4265,train
SYN-10325,813,test
SYN-10326,112,test
SYN-10327,4266,train
SYN-10328,1330,train
SYN-10329,3580,train
SYN-10330,4267,train
SYN-10331,4268,train
SYN-10332,4269,train
SYN-10333,4270,train
SYN-10334,4271,train
SYN-10335,466,train
SYN-10336,249,train
SYN-10337,195,train
SYN-10338,4045,train
SYN-10339,4272,train
SYN-10340,4273,train
SYN-10341,2369,train
SYN-10342,4274,train
SYN-10343,3787,train
SYN-10344,4275,train
SYN-10345,4276,train
SYN-10346,1061,test
SYN-10347,36,train
SYN-10348,2611,train
SYN-10349,3259,test
SYN-10350,578,validation
SYN-10351,794,train
SYN-10352,19,train
SYN-10353,3189,validation
SYN-10354,4277,train
SYN-10355,2032,train
SYN-10356,4278,train
SYN-10357,2999,train
SYN-10358,2744,train
SYN-10359,4279,train
SYN-10360,2285,test
SYN-10361,4280,train
SYN-10362,4281,test
SYN-10363,4282,validation
SYN-10364,3344,validation
SYN-10365,617,train
SYN-10366,812,validation
SYN-10367,4064,train
SYN-10368,4283,validation
SYN-10369,4284,train
SYN-10370,4285,train
SYN-10371,3797,train
SYN-10372,239,train
SYN-10373,4286,test
SYN-10374,2327,train
SYN-10375,4287,validation
SYN-10376,720,train
SYN-10377,3344,validation
SYN-10378,4288,train
SYN-10379,2117,train
SYN-10380,4289,train
SYN-10381,4289,train
SYN-10382,1190,train
SYN-10383,4382,train
SYN-10384,3290,validation
SYN-10385,4290,train
SYN-10386,1330,train
SYN-10387,4291,train
SYN-10388,3495,train
SYN-10389,93,train
SYN-10390,4263,train
SYN-10391,4292,train
SYN-10392,4293,train
SYN-10393,3797,train
SYN-10394,3189,validation
SYN-10395,1190,train
SYN-10396,1063,train
SYN-10397,49,train
SYN-10398,4294,train
SYN-10399,4043,train
SYN-10400,886,train
SYN-10401,2032,train
SYN-10402,4295,train
SYN-10403,1330,train
SYN-10404,2811,train
SYN-10405,4296,train
SYN-10406,3244,train
SYN-10407,2833,validation
SYN-10408,2727,test
SYN-10409,2313,test
SYN-10410,1061,test
SYN-10411,4297,train
SYN-10412,634,train
SYN-10413,2140,train
SYN-10414,991,train
SYN-10415,4298,train
SYN-10416,4299,train
SYN-10417,3189,validation
SYN-10418,234,train
SYN-10419,1651,test
SYN-10420,813,test
SYN-10421,3021,train
SYN-10422,4008,train
SYN-10423,4300,train
SYN-10424,4301,train
SYN-10425,4302,test
SYN-10426,4303,train
SYN-10427,3989,train
SYN-10428,3580,train
SYN-10429,200,train
SYN-10430,3244,train
SYN-10431,4304,train
SYN-10432,4305,train
SYN-10433,1018,train
SYN-10434,4306,train
SYN-10435,4307,validation
SYN-10436,4308,train
SYN-10437,4309,train
SYN-10438,3580,train
SYN-10439,1547,train
SYN-10440,4310,train
SYN-10441,4311,validation
SYN-10442,4312,test
SYN-10443,3264,test
SYN-10444,3495,train
SYN-10445,1330,train
SYN-10446,4313,train
SYN-10447,4314,train
SYN-10448,4008,train
SYN-10449,1263,train
SYN-10450,991,train
SYN-10451,933,train
SYN-10452,4315,validation
SYN-10453,1713,train
SYN-10454,4316,train
SYN-10455,4317,train
SYN-10456,200,train
SYN-10457,4318,train
SYN-10458,3060,test
SYN-10459,239,train
SYN-10460,2272,test
SYN-10461,1330,train
SYN-10462,991,train
SYN-10463,4319,train
SYN-10464,4320,validation
SYN-10465,4321,train
SYN-10466,1237,train
SYN-10467,2482,test
SYN-10468,3021,train
SYN-10469,4322,train
SYN-10470,2638,train
SYN-10471,2727,test
SYN-10472,4323,train
SYN-10473,4324,validation
SYN-10474,4325,test
SYN-10475,2452,train
SYN-10476,4326,train
SYN-10477,4327,train
SYN-10478,496,train
SYN-10479,472,train
SYN-10480,2780,validation
SYN-10481,4328,train
SYN-10482,1981,train
SYN-10483,3344,validation
SYN-10484,4329,train
SYN-10485,4330,train
SYN-10486,4331,validation
SYN-10487,4332,train
SYN-10488,733,train
SYN-10489,4333,train
SYN-10490,1190,train
SYN-10491,4334,train
SYN-10492,4335,train
SYN-10493,3580,train
SYN-10494,472,train
SYN-10495,3021,train
SYN-10496,185,test
SYN-10497,634,train
SYN-10498,4336,train
SYN-10499,249,train
SYN-10500,4337,validation
SYN-10501,4338,train
SYN-10502,794,train
SYN-10503,213,validation
SYN-10504,4339,train
SYN-10505,1190,train
SYN-10506,4340,train
SYN-10507,4341,train
SYN-10508,2079,train
SYN-10509,4342,test
SYN-10510,3189,validation
SYN-10511,4343,validation
SYN-10512,3797,train
SYN-10513,4344,test
SYN-10514,2482,test
SYN-10515,3244,train
SYN-10516,1355,train
SYN-10517,2482,test
SYN-10518,1736,test
SYN-10519,4345,train
SYN-10520,786,train
SYN-10521,4346,train
SYN-10522,4347,train
SYN-10523,4348,train
SYN-10524,239,train
SYN-10525,4349,train
SYN-10526,2285,test
SYN-10527,3580,train
SYN-10528,4350,train
SYN-10529,200,train
SYN-10530,2140,train
SYN-10531,4351,train
SYN-10532,2327,train
SYN-10533,3244,train
SYN-10534,3386,train
SYN-10535,4352,train
SYN-10536,991,train
SYN-10537,4008,train
SYN-10538,1237,train
SYN-10539,4353,validation
SYN-10540,2327,train
SYN-10541,4354,train
SYN-10542,4355,validation
SYN-10543,4356,train
SYN-10544,2313,test
SYN-10545,149,train
SYN-10546,2482,test
SYN-10547,752,train
SYN-10548,76,train
SYN-10549,3001,test
SYN-10550,4357,train
SYN-10551,4358,train
SYN-10552,4064,train
SYN-10553,4359,train
SYN-10554,736,train
SYN-10555,551,train
SYN-10556,4502,train
SYN-10557,36,train
SYN-10558,4360,train
SYN-10559,4361,test
SYN-10560,1190,train
SYN-10561,4362,train
SYN-10562,2032,train
SYN-10563,3189,validation
SYN-10564,4064,train
SYN-10565,4363,validation
SYN-10566,3412,train
SYN-10567,4364,train
SYN-10568,4365,train
SYN-10569,692,train
SYN-10570,4366,train
SYN-10571,4367,train
SYN-10572,1190,train
SYN-10573,4368,train
SYN-10574,4369,train
SYN-10575,3570,train
SYN-10576,4370,train
SYN-10577,551,train
SYN-10578,4371,validation
SYN-10579,4263,train
SYN-10580,4372,train
SYN-10581,4373,test
SYN-10582,1837,train
SYN-10583,3244,train
SYN-10584,4374,train
SYN-10585,306,validation
SYN-10586,4375,train
SYN-10587,4376,train
SYN-10588,634,train
SYN-10589,200,train
SYN-10590,1190,train
SYN-10591,4263,train
SYN-10592,4377,train
SYN-10593,4378,validation
SYN-10594,2744,train
SYN-10595,510,train
SYN-10596,2949,test
SYN-10597,239,train
SYN-10598,200,train
SYN-10599,4379,train
SYN-10600,4380,validation
SYN-10601,4426,test
SYN-10602,4381,train
SYN-10603,4382,train
SYN-10604,4383,validation
SYN-10605,991,train
SYN-10606,634,train
SYN-10607,4384,train
SYN-10608,2079,train
SYN-10609,954,test
SYN-10610,3580,train
SYN-10611,4385,train
SYN-10612,4043,train
SYN-10613,786,train
SYN-10614,991,train
SYN-10615,4417,train
SYN-10616,4045,train
SYN-10617,4386,validation
SYN-10618,1190,train
SYN-10619,4387,train
SYN-10620,4388,train
SYN-10621,4389,train
SYN-10622,1237,train
SYN-10623,4390,test
SYN-10624,2650,train
SYN-10625,185,test
SYN-10626,1263,train
SYN-10627,3189,validation
SYN-10628,2482,test
SYN-10629,4391,train
SYN-10630,4392,train
SYN-10631,4393,train
SYN-10632,4394,train
SYN-10633,4395,test
SYN-10634,4396,train
SYN-10635,472,train
SYN-10636,3360,train
SYN-10637,1190,train
SYN-10638,3797,train
SYN-10639,4397,validation
SYN-10640,4398,train
SYN-10641,4399,validation
SYN-10642,200,train
SYN-10643,472,train
SYN-10644,4400,train
SYN-10645,4401,train
SYN-10646,794,train
SYN-10647,4402,train
SYN-10648,3911,train
SYN-10649,4403,train
SYN-10650,1894,train
SYN-10651,736,train
SYN-10652,3580,train
SYN-10653,4404,train
SYN-10654,49,train
SYN-10655,4263,train
SYN-10656,991,train
SYN-10657,4559,train
SYN-10658,4405,train
SYN-10659,4406,validation
SYN-10660,36,train
SYN-10661,4407,train
SYN-10662,4064,train
SYN-10663,2082,train
SYN-10664,2790,test
SYN-10665,4408,train
SYN-10666,4409,train
SYN-10667,4410,train
SYN-10668,4411,train
SYN-10669,4412,train
SYN-10670,4413,validation
SYN-10671,4414,test
SYN-10672,3386,train
SYN-10673,634,train
SYN-10674,2811,train
SYN-10675,4415,train
SYN-10676,4416,train
SYN-10677,4417,train
SYN-10678,991,train
SYN-10679,1952,train
SYN-10680,4418,train
SYN-10681,4419,test
SYN-10682,1890,train
SYN-10683,36,train
SYN-10684,4420,train
SYN-10685,2079,train
SYN-10686,4421,train
SYN-10687,2327,train
SYN-10688,414,train
SYN-10689,4422,train
SYN-10690,1825,train
SYN-10691,4423,train
SYN-10692,4424,train
SYN-10693,4425,train
SYN-10694,3719,train
SYN-10695,3797,train
SYN-10696,2032,train
SYN-10697,4426,test
SYN-10698,4427,train
SYN-10699,3580,train
SYN-10700,4428,validation
SYN-10701,200,train
SYN-10702,4537,train
SYN-10703,4429,validation
SYN-10704,2079,train
SYN-10705,3797,train
SYN-10706,1566,train
SYN-10707,4430,train
SYN-10708,4431,test
SYN-10709,4432,train
SYN-10710,4355,validation
SYN-10711,4433,train
SYN-10712,2079,train
SYN-10713,3101,train
SYN-10714,4434,train
SYN-10715,4435,test
SYN-10716,4436,train
SYN-10717,49,train
SYN-10718,4437,train
SYN-10719,1897,train
SYN-10720,4438,test
SYN-10721,4439,train
SYN-10722,1077,train
SYN-10723,4440,train
SYN-10724,2167,validation
SYN-10725,4441,train
SYN-10726,4442,validation
SYN-10727,3471,validation
SYN-10728,4443,train
SYN-10729,4567,train
SYN-10730,4444,test
SYN-10731,3259,test
SYN-10732,794,train
SYN-10733,4445,train
SYN-10734,4446,test
SYN-10735,3797,train
SYN-10736,4447,train
SYN-10737,4448,train
SYN-10738,1190,train
SYN-10739,4434,train
SYN-10740,4449,train
SYN-10741,4450,train
SYN-10742,2217,test
SYN-10743,4451,test
SYN-10744,4452,train
SYN-10745,3249,train
SYN-10746,4453,train
SYN-10747,3797,train
SYN-10748,4454,train
SYN-10749,1299,train
SYN-10750,4455,train
SYN-10751,4456,train
SYN-10752,752,train
SYN-10753,4457,train
SYN-10754,4458,train
SYN-10755,2544,train
SYN-10756,634,train
SYN-10757,3189,validation
SYN-10758,4459,train
SYN-10759,4460,train
SYN-10760,4461,test
SYN-10761,1263,train
SYN-10762,2079,train
SYN-10763,3244,train
SYN-10764,4462,train
SYN-10765,4463,train
SYN-10766,4464,train
SYN-10767,1190,train
SYN-10768,4465,train
SYN-10769,1894,train
SYN-10770,4466,test
SYN-10771,4467,train
SYN-10772,4468,validation
SYN-10773,4469,train
SYN-10774,4470,test
SYN-10775,4471,train
SYN-10776,2482,test
SYN-10777,4472,train
SYN-10778,4473,train
SYN-10779,4474,validation
SYN-10780,4475,test
SYN-10781,4476,test
SYN-10782,2790,test
SYN-10783,4477,train
SYN-10784,4478,train
SYN-10785,298,validation
SYN-10786,4479,test
SYN-10787,50,validation
SYN-10788,200,train
SYN-10789,428,test
SYN-10790,36,train
SYN-10791,200,train
SYN-10792,4480,train
SYN-10793,4481,validation
SYN-10794,3244,train
SYN-10795,4482,test
SYN-10796,4483,train
SYN-10797,4484,validation
SYN-10798,4485,train
SYN-10799,1190,train
SYN-10800,4486,validation
SYN-10801,4064,train
SYN-10802,4051,train
SYN-10803,4487,train
SYN-10804,3197,test
SYN-10805,4488,test
SYN-10806,4263,train
SYN-10807,4489,train
SYN-10808,4490,train
SYN-10809,4491,train
SYN-10810,4492,train
SYN-10811,1061,test
SYN-10812,4493,test
SYN-10813,4494,train
SYN-10814,4495,train
SYN-10815,2452,train
SYN-10816,4496,train
SYN-10817,539,test
SYN-10818,472,train
SYN-10819,185,test
SYN-10820,4497,train
SYN-10821,1856,validation
SYN-10822,2079,train
SYN-10823,3264,test
SYN-10824,4498,test
SYN-10825,4499,train
SYN-10826,4500,test
SYN-10827,200,train
SYN-10828,909,train
SYN-10829,4501,train
SYN-10830,3580,train
SYN-10831,2999,train
SYN-10832,2482,test
SYN-10833,36,train
SYN-10834,3570,train
SYN-10835,3471,validation
SYN-10836,3264,test
SYN-10837,991,train
SYN-10838,1330,train
SYN-10839,3264,test
SYN-10840,472,train
SYN-10841,3580,train
SYN-10842,2615,train
SYN-10843,4502,train
SYN-10844,809,train
SYN-10845,2999,train
SYN-10846,4503,train
SYN-10847,991,train
SYN-10848,2430,test
SYN-10849,93,train
SYN-10850,916,train
SYN-10851,239,train
SYN-10852,794,train
SYN-10853,4504,test
SYN-10854,36,train
SYN-10855,4505,test
SYN-10856,3580,train
SYN-10857,2032,train
SYN-10858,4506,test
SYN-10859,4507,train
SYN-10860,4508,train
SYN-10861,79,train
SYN-10862,4509,train
SYN-10863,3189,validation
SYN-10864,4510,train
SYN-10865,4511,train
SYN-10866,36,train
SYN-10867,4512,train
SYN-10868,4513,train
SYN-10869,4267,train
SYN-10870,4514,test
SYN-10871,3264,test
SYN-10872,4515,train
SYN-10873,4516,train
SYN-10874,4517,train
SYN-10875,2327,train
SYN-10876,4518,validation
SYN-10877,4519,train
SYN-10878,4434,train
SYN-10879,2482,test
SYN-10880,4520,validation
SYN-10881,49,train
SYN-10882,200,train
SYN-10883,4521,train
SYN-10884,4522,validation
SYN-10885,1460,train
SYN-10886,4064,train
SYN-10887,3797,train
SYN-10888,239,train
SYN-10889,4523,validation
SYN-10890,2079,train
SYN-10891,634,train
SYN-10892,1795,train
SYN-10893,4524,train
SYN-10894,4525,train
SYN-10895,3797,train
SYN-10896,736,train
SYN-10897,3021,train
SYN-10898,4526,train
SYN-10899,4527,test
SYN-10900,3495,train
SYN-10901,4528,train
SYN-10902,4529,train
SYN-10903,4530,test
SYN-10904,4531,train
SYN-10905,4532,train
SYN-10906,4044,train
SYN-10907,2489,train
SYN-10908,4533,train
SYN-10909,634,train
SYN-10910,3580,train
SYN-10911,4534,test
SYN-10912,2897,train
SYN-10913,786,train
SYN-10914,4535,validation
SYN-10915,4536,validation
SYN-10916,4537,train
SYN-10917,4538,test
SYN-10918,4539,train
SYN-10919,3021,train
SYN-10920,2482,test
SYN-10921,3868,train
SYN-10922,4540,train
SYN-10923,4541,train
SYN-10924,4542,train
SYN-10925,2999,train
SYN-10926,4543,train
SYN-10927,4544,train
SYN-10928,1352,train
SYN-10929,4545,validation
SYN-10930,4546,train
SYN-10931,440,train
SYN-10932,3021,train
SYN-10933,2032,train
SYN-10934,4547,train
SYN-10935,4548,train
SYN-10936,2032,train
SYN-10937,36,train
SYN-10938,4549,train
SYN-10939,3580,train
SYN-10940,3021,train
SYN-10941,4550,train
SYN-10942,4551,validation
SYN-10943,4552,train
SYN-10944,239,train
SYN-10945,4553,test
SYN-10946,4064,train
SYN-10947,4554,test
SYN-10948,2703,train
SYN-10949,4555,train
SYN-10950,4556,validation
SYN-10951,3001,test
SYN-10952,4557,train
SYN-10953,4558,train
SYN-10954,4559,train
SYN-10955,321,train
SYN-10956,1220,train
SYN-10957,991,train
SYN-10958,991,train
SYN-10959,4560,validation
SYN-10960,4561,train
SYN-10961,394,train
SYN-10962,990,train
SYN-10963,3777,train
SYN-10964,4562,train
SYN-10965,634,train
SYN-10966,4563,train
SYN-10967,4564,validation
SYN-10968,156,validation
SYN-10969,4565,validation
SYN-10970,4566,train
SYN-10971,3471,validation
SYN-10972,4567,train
SYN-10973,4568,train
SYN-10974,3244,train
SYN-10975,4569,validation
SYN-10976,4570,train
SYN-10977,2079,train
SYN-10978,4571,train
SYN-10979,4572,validation
SYN-10980,1330,train
SYN-10981,4573,train
SYN-10982,2999,train
SYN-10983,4574,train
SYN-10984,481,train
SYN-10985,36,train
SYN-10986,185,test
SYN-10987,1264,train
SYN-10988,1967,train
SYN-10989,1286,train
SYN-10990,4008,train
SYN-10991,4575,validation
SYN-10992,4576,test
SYN-10993,1392,train
SYN-10994,4577,train
SYN-10995,1257,test
SYN-10996,991,train
SYN-10997,1212,train
SYN-10998,2785,train
SYN-10999,3344,validation
SYN-11000,2999,train
